순번/순위,구분,상품명,ISBN,ISBN13,부가기호,출판사/제작사,저자/아티스트,정가,판매가,할인액,할인율,마일리지,출간일,세일즈포인트
1,여행,전국축제자랑,893741371X,9788937413711,3810,민음사,김혼비.박태하 지음,15000,13500,1500,10%,750점,20210226,15050
2,여행,경양식집에서,K532738025,9791197360404,,린틴틴,"조영권 지음, 이윤희 그림",16000,14400,1600,10%,800점,20210129,11905
3,여행,나를 부르는 숲,8972916528,9788972916529,3840,까치,"빌 브라이슨 지음, 홍은택 옮김",13500,12150,1350,10%,670점,20180108,37865
4,여행,혼자 여행을 다녀왔습니다,K812738105,9791196975258,3830,북포레스트,"마스다 미리 지음, 이소담 옮김",14000,12600,1400,10%,700점,20210205,12525
5,여행,여행의 이유,8954655971,9788954655972,3810,문학동네,김영하 지음,13500,12150,1350,10%,670점,20190417,125996
6,여행,에이든 국내여행 가이드북,K942632691,9791190073073,,타블라라사,타블라라사 편집부 외 지음,18700,16830,1870,10%,930점,20200816,9239
7,여행,중국집,8997225480,9788997225484,3810,CABOOKS(CA북스),"조영권 지음, 이윤희 그림",17000,15300,1700,10%,170점,20181010,5362
8,여행,오래 준비해온 대답,K672639180,9791197021602,3810,복복서가,김영하 지음,16500,14850,1650,10%,820점,20200429,55743
9,여행,거기서 죽어도 좋았다,K982738484,9791188331918,3810,스노우폭스북스,조양곤 지음,15500,13950,1550,10%,770점,20210203,3135
10,여행,유럽 예약,8968332916,9788968332913,3810,허밍버드,청춘유리 지음,15800,14220,1580,10%,790점,20210112,11620
11,여행,사라져 가는 풍경들,K302737808,9791190938310,3810,상상출판,이용한 지음,15500,13950,1550,10%,770점,20210111,5465
12,여행,"페테르부르크, 막이 오른다",K292738830,9791197317316,3600,파롤앤(PAROLE&),"김주연 지음, 김병진 그림",15800,14220,1580,10%,790점,20210223,3470
13,여행,그랜드투어 그리스 : 고전학자와 함께 둘러보는 신화와 역사의 고향,K922738583,9791197336102,,도도네,강대진 지음,23000,20700,2300,10%,"1,150점",20210130,5085
14,여행,쉬운 천국,K512735580,9791189385163,3810,어떤책,유지혜 지음,16000,14400,1600,10%,800점,20201120,22805
15,여행,"다시, 여행을 가겠습니다",K852739033,9791190710169,3810,앤의서재,백상현 지음,16500,14850,1650,10%,820점,20210315,1420
16,여행,진짜 프랑스는 시골에 있다,K292737055,9791190938334,3920,상상출판,"문정훈 지음, 장준우 사진",16000,14400,1600,10%,800점,20210115,5125
17,여행,인생에는 특별한 것과 평범한 것이 모두 필요하다,K092738836,9791191247039,3830,엘리,"이나가키 에미코 지음, 김미형 옮김",15000,13500,1500,10%,750점,20210226,990
18,여행,그 좋았던 시간에,K472735042,9791158161248,3810,달,김소연 지음,14500,13050,1450,10%,720점,20201124,7740
19,여행,"일상이 고고학, 나 혼자 경주 여행",K442633501,9791186274637,,책읽는고양이,황윤 지음,14900,13410,1490,10%,740점,20201015,4387
20,여행,꼭 한번은 가봐야 할 사찰,K422738128,9791195787326,3980,테마있는명소,남민 지음,18000,16200,1800,10%,900점,20210225,1100
21,여행,여전히 가족은 어렵습니다만,K972738793,9791188244621,3810,샨티,박은빈 지음,16000,14400,1600,10%,800점,20210205,1290
22,여행,특별하게 제주,K832631493,9791188829170,3980,디스커버리미디어,강경필 외 지음,17000,15300,1700,10%,850점,20200810,3516
23,여행,트래블러 아르헨티나,K372630570,9791197025600,3810,오렌지디,JTBC 트래블러 제작진 지음,19500,17550,1950,10%,970점,20200617,9010
24,여행,한국 문화유산 산책,8974115263,9788974115265,,새문사,고려대학교 한국사연구소 고려답사회 엮음,27000,27000,0,0%,"1,350점",20190825,1124
25,여행,뮤지엄 게이트,K252739018,9791196953577,3630,아트북프레스,조새미 지음,20000,18000,2000,10%,"1,000점",20210127,530
26,여행,"궁궐과 왕릉, 600년 조선문화를 걷다",K502738835,9791191215014,3980,창해,한국역사인문교육원(미래학교) 지음,18000,16200,1800,10%,900점,20210226,600
27,여행,잘할 수 없을까 봐 후회할까 봐,K562738027,9791196797775,3810,강한별,김의정.최동희 지음,13800,12420,1380,10%,690점,20210205,990
28,여행,제주도 여행백서,8998417510,9788998417512,14980,나무자전거,손만기 지음,16000,14400,1600,10%,800점,20210110,930
29,여행,"할매, 밥 됩니까",8927811593,9788927811596,3980,중앙books(중앙북스),노중훈 지음,16800,15120,1680,10%,840점,20201007,2950
30,여행,에이든 우리나라 전국 여행지도,K782630679,9791190073059,13910,타블라라사,타블라라사 편집부.이정기 지음,18700,16830,1870,10%,930점,20200616,4092
31,여행,에이든 우리나라 역사지도 세트,K122739019,9791190073080,3910,타블라라사,타블라라사 편집부 외 지음,20000,18000,2000,10%,"1,000점",20201123,360
32,여행,느릿느릿 복작복작,8958721758,9788958721758,3810,효형출판,라정진 지음,14000,12600,1400,10%,700점,20210130,1520
33,여행,아이랑 제주 여행,K542738289,9791188829194,13980,디스커버리미디어,송인희 지음,17000,15300,1700,10%,850점,20210210,1180
34,여행,Tripful 트립풀 제주,K482630691,9791185831978,14980,이지앤북스,이지앤북스 편집부 지음,16000,14400,1600,10%,800점,20200624,3554
35,여행,모든 요일의 여행,K892535380,9791185459523,3810,북라이프,김민철 지음,13500,12150,1350,10%,670점,20160725,8851
36,여행,사진과 지도로 보는 중국산업관광지리,8998468581,9788998468583,13910,박문사,김용선.정미지 지음,17000,16150,850,5%,850점,20150317,440
37,여행,자전거여행 1,8954626203,9788954626200,4810,문학동네,"김훈 지음, 이강빈 사진",15000,13500,1500,10%,750점,20141022,9818
38,여행,성당 평전,K222736661,9791165793197,3810,시공사,최의영.우광호 지음,18000,16200,1800,10%,900점,20201211,5880
39,여행,대한민국 트레킹 가이드,8927811461,9788927811466,14980,중앙books(중앙북스),진우석.이상은 지음,20000,18000,2000,10%,"1,000점",20200903,2608
40,여행,서른 살에 스페인,K552632578,9791157853274,3920,참좋은날,최지수 지음,17000,15300,1700,10%,850점,20200820,2813
41,여행,빌 브라이슨 발칙한 유럽산책 (리커버 에디션),8950987643,9788950987640,3840,21세기북스,"빌 브라이슨 지음, 권상미 옮김",18000,16200,1800,10%,900점,20200508,2225
42,여행,"세계를 읽다, 독일",K282535780,9791186440063,4900,도서출판 가지,"리처드 로드 지음, 박선주 옮김",15000,13500,1500,10%,750점,20160710,821
43,여행,윤운중의 유럽미술관순례 1,8997066188,9788997066186,4600,모요사,윤운중 지음,25000,22500,2500,10%,"1,250점",20130620,1450
44,여행,파리는 날마다 축제,8994228349,9788994228341,3840,이숲,"어니스트 헤밍웨이 지음, 주순애 옮김",15000,13500,1500,10%,750점,20120120,3168
45,여행,블루스트리트(BLUE STREET) Vol.15 : 맛집안전지대 - 오늘도 문 열었습니다,K892738933,9791197258725,,리테일앤인사이트,블루스트리트 편집부 지음,12000,10800,1200,10%,540점,20210302,270
46,여행,너구리네 뉴질랜드 일기 1,K122738796,9791137233676,3810,부크크(bookk),최재영 지음,13500,13500,0,0%,0점,20210120,455
47,여행,교과서가 쉬워지는 주말여행,K862633401,9791165212766,13980,길벗,김수진.박은하 지음,18000,16200,1800,10%,900점,20201001,1121
48,여행,오름 오름 트레킹 맵,K162632855,9791187694168,10980,미니멈,박선정 지음,13000,11700,1300,10%,650점,20200915,1503
49,여행,에이든 우리나라 제주 여행지도,K452631728,9791190073066,,타블라라사,타블라라사 편집부.이정기 지음,14400,12960,1440,10%,720점,20200801,1843
50,여행,자전거여행 바이블,K212639232,9791189469849,13980,꿈의지도,이준휘 지음,16000,14400,1600,10%,800점,20200529,1097
51,여행,순례자의 인문학 2,8949717476,9788949717470,4810,동서문화동판(동서문화사),"문갑식 지음, 이서현 사진",15000,13500,1500,10%,750점,20200430,1591
52,여행,순례자의 인문학 1,8949717468,9788949717463,4810,동서문화동판(동서문화사),"문갑식 지음, 이서현 사진",15000,13500,1500,10%,750점,20200430,1714
53,여행,식객 허영만의 백반기행,K812639809,9791189159634,14980,가디언,허영만.TV조선 &lt;식객 허영만의 백반기행&gt; 제작팀 지음,17000,15300,1700,10%,850점,20200514,7717
54,여행,"삼국지, 문화기행",8983962658,9788983962652,93820,신아사,남덕현 지음,14000,14000,0,0%,140점,20180228,419
55,여행,윤운중의 유럽미술관순례 2,8997066196,9788997066193,4600,모요사,윤운중 지음,25000,22500,2500,10%,"1,250점",20130620,1097
56,여행,대한민국 자동차 캠핑 가이드,8927812042,9788927812043,14980,중앙books(중앙북스),허준성.여미현.표영도 지음,20000,18000,2000,10%,"1,000점",20210225,450
57,여행,너구리네 뉴질랜드 일기 2,K272738796,9791137233683,3810,부크크(bookk),최재영 지음,12500,12500,0,0%,0점,20210120,365
58,여행,산티아고에서 온 편지,K032738180,9791195835546,3810,물음책방,강진숙.이산들 지음,13000,11700,1300,10%,650점,20201224,440
59,여행,타박타박 서울 유람,K222737364,9791165793227,13980,시공사,김혜영 지음,16000,14400,1600,10%,800점,20201222,550
60,여행,러시아의 시민들,8932920478,9788932920474,3810,열린책들,백민석 지음,14800,13320,1480,10%,740점,20201210,1365
61,여행,후회 없이 그림 여행,8997066625,9788997066629,3600,모요사,엄미정 지음,22000,19800,2200,10%,"1,100점",20201215,1345
62,여행,아름다운 사찰여행,K362631455,9791190938396,13980,상상출판,유철상 지음,16900,15210,1690,10%,840점,20200818,3588
63,여행,이번 달은 뉴요커,8950987872,9788950987879,3810,21세기북스,홍세림 지음,19500,17550,1950,10%,970점,20200513,3163
64,여행,"혼자, 천천히, 북유럽",K412636727,9791189856564,3920,상상출판,리모 김현길 지음,16800,15120,1680,10%,840점,20200102,2822
65,여행,에이든 서울 여행지도,K412636116,9791190073028,,타블라라사,타블라라사 편집부 외 지음,18000,16200,1800,10%,900점,20191216,1222
66,여행,빵 자매의 빵빵한 여행 : 유럽 편,8926896382,9788926896389,13980,이담북스,박미이.복혜원 지음,13800,12420,1380,10%,690점,20191002,610
67,여행,지구별 여행자,K232635524,9791186686454,3810,연금술사,"류시화 지음, 크리스토퍼 코어 그림",17000,15300,1700,10%,850점,20190628,2557
68,여행,다정한 구원,K642635109,9791189280284,3810,미디어창비,임경선 지음,15000,13500,1500,10%,750점,20190530,3863
69,여행,홍콩 산책,8965455766,9788965455769,3810,산지니,류영하 지음,15000,13500,1500,10%,750점,20190115,1005
70,여행,나영석 피디의 어차피 레이스는 길다,8954650880,9788954650885,3810,문학동네,나영석 지음,16500,14850,1650,10%,820점,20180413,1947
71,여행,아 파리,K472531319,9791188331123,13980,스노우폭스북스,최연정.최지민 지음,17000,15300,1700,10%,850점,20170824,2179
72,여행,베를린 일기,8937433702,9788937433702,3810,민음사,최민석 지음,17000,15300,1700,10%,850점,20161201,3285
73,여행,이탈리아 기행 1,8937461056,9788937461057,4850,민음사,"요한 볼프강 폰 괴테 지음, 박찬기 옮김",12000,10800,1200,10%,600점,20040810,1864
74,여행,빵 자매의 빵빵한 여행 : 아시아 편,K972738228,9791166033131,13980,이담북스,박미이.복혜원 지음,16800,15120,1680,10%,840점,20210219,310
75,여행,숨과 숨 사이 해녀가 산다,K942738926,9791191262193,3810,걷는사람,"권선희 지음, 김수정 사진",15000,13500,1500,10%,750점,20201231,400
76,여행,너구리네 뉴질랜드 일기 4,K352738796,9791137233744,3810,부크크(bookk),최재영 지음,13500,13500,0,0%,0점,20210121,295
77,여행,너구리네 뉴질랜드 일기 3,K212738796,9791137233690,3810,부크크(bookk),최재영 지음,12000,12000,0,0%,0점,20210120,295
78,여행,캠핑 하루,K682737664,9791196409982,3810,소로소로,생활모험가 지음,14800,13320,1480,10%,740점,20210111,1335
79,여행,서울체,K722737365,9791195052967,3600,디북(도서출판 디),박길룡.이재성 지음,32000,28800,3200,10%,960점,20201201,460
80,여행,한 끼 식사의 행복,8934992549,9788934992547,13980,김영사,김석동 지음,16000,14400,1600,10%,800점,20201130,4325
81,여행,2021 미쉐린 가이드 서울,K412735114,9782067250529,5100,미쉐린(MICHELIN),미쉐린 트래블 파트너 지음,22000,19800,2200,10%,"1,100점",20201119,1710
82,여행,프렌즈 제주,8927811720,9788927811725,14980,중앙books(중앙북스),허준성 지음,16800,15120,1680,10%,840점,20201109,1070
83,여행,2021 서울의 맛집,8993508569,9788993508567,4590,BR미디어,블루리본 서베이 지음,18000,16200,1800,10%,540점,20201026,1153
84,여행,엄마는 인도에서 아난다라고 불렸다,K542633811,9791190278423,3810,봄름,정인근.홍승희 지음,12800,11520,1280,10%,640점,20201102,434
85,여행,뚜벅뚜벅 이탈리아 공공의료,8985635999,9788985635998,3330,또하나의문화,문정주 지음,22000,19800,2200,10%,"1,100점",20201015,1000
86,여행,대한민국 자연휴양림 가이드,8927811569,9788927811565,14980,중앙books(중앙북스),이준휘 지음,19500,17550,1950,10%,970점,20201005,622
87,여행,나의 첫 차박캠핑 이야기,K112633495,9791197171802,3810,파르페북스,오영교 지음,14000,12600,1400,10%,700점,20201013,1421
88,여행,"지리산 둘레길 (2021~2022 개정판, 휴대용 대형 지도 수록)",K242632927,9791189469955,13980,꿈의지도,(사)숲길 지음,15000,13500,1500,10%,750점,20200921,676
89,여행,진짜 멋진 할머니가 되어버렸지 뭐야,K682632378,9791158161170,3810,달,김원희 지음,13500,12150,1350,10%,670점,20200813,6615
90,여행,"일상이 고고학, 나 혼자 백제 여행",K462631352,9791186274620,3810,책읽는고양이,황윤 지음,13900,12510,1390,10%,690점,20200815,1713
91,여행,진짜 캠핑 요리,K062631685,9791190938051,13590,상상출판,이미경 지음,15500,13950,1550,10%,770점,20200727,1375
92,여행,자동차 주말여행 코스북,K792631270,9791165212117,13980,길벗,유연태 외 지음,18500,16650,1850,10%,920점,20200717,1355
93,여행,한국 정원 기행,8959896578,9788959896578,3980,미래의창,김종길 지음,17000,15300,1700,10%,850점,20200601,1560
94,여행,지리 덕후가 떠먹여주는 풀코스 세계지리,8926898563,9788926898567,3980,이담북스,서지선 지음,15000,13500,1500,10%,750점,20200320,3415
95,여행,내 옆에 있는 사람,K782638303,9791158161071,3810,달,이병률 지음,15300,13770,1530,10%,760점,20200311,3127
96,여행,프렌즈 미국 동부,8927810651,9788927810650,14980,중앙books(중앙북스),이주은.한세라 지음,17000,15300,1700,10%,850점,20191115,1061
97,여행,도시여행자를 위한 파리x역사,K682636107,9791160803099,3920,휴머니스트,주경철 지음,19000,17100,1900,10%,950점,20191202,1923
98,여행,바르셀로나 Barcelona,K882635350,9791196205546,13980,오브바이포,최연정.최지민 지음,19000,17100,1900,10%,950점,20190823,2784
99,여행,당신의 계절을 걸어요,8925567237,9788925567235,3810,알에이치코리아(RHK),청춘유리 지음,15000,13500,1500,10%,750점,20190722,1574
100,여행,나 홀로 제주 (2019-2020 최신 개정판),K582635030,9791156161653,13980,리스컴,장은정 지음,15000,13500,1500,10%,750점,20190715,636
101,여행,역마,K212635525,9791189680060,3810,냉수,이묵돌 지음,13000,11700,1300,10%,650점,20190701,2274
102,여행,내 모든 습관은 여행에서 만들어졌다,K252635008,9791190065696,3320,위즈덤하우스,김민식 지음,15000,13500,1500,10%,750점,20190524,3495
103,여행,나중은 영영 안 올지 몰라서,K552534527,9791189217020,3810,저녁달고양이,범유진 지음,13800,12420,1380,10%,690점,20190120,329
104,여행,땅의 역사 2,K602534192,9791187795988,4910,상상출판,박종인 지음,16500,14850,1650,10%,820점,20181115,1421
105,여행,땅의 역사 1,K592534192,9791187795971,4910,상상출판,박종인 지음,16000,14400,1600,10%,800점,20181115,1553
106,여행,셜록을 찾아서,K462533239,9791196248727,3810,신사와전사,표창원 지음,18000,16200,1800,10%,900점,20180725,503
107,여행,시골의 발견,8958203714,9788958203711,3520,궁리,"오경아 글.그림, 임종기 사진",18000,16200,1800,10%,900점,20160408,1303
108,여행,지리쌤과 함께하는 우리나라 도시 여행,K992434717,9791195523559,3980,폭스코너,전국지리교사모임 지음,17500,15750,1750,10%,870점,20160120,1793
109,여행,2 + 딜리셔스 라이프,895975921X,9788959759217,13980,한즈미디어(한스미디어),오승해 글.사진,6000,5400,600,10%,300점,20151201,474
110,여행,체르노빌 다크 투어리즘 가이드,K422533459,9791186000106,3300,마티,"아즈마 히로키 외 지음, 양지연 옮김",20000,18000,2000,10%,"1,000점",20150311,615
111,여행,자전거여행 2,8954626211,9788954626217,4810,문학동네,"김훈 지음, 이강빈 사진",15000,13500,1500,10%,750점,20141022,5511
112,여행,바람이 분다 당신이 좋다,8993928487,9788993928488,3810,달,이병률 지음,13800,12420,1380,10%,690점,20120704,23284
113,여행,끌림,8993928185,9788993928181,3810,달,이병률 지음,13000,11700,1300,10%,650점,20100701,15604
114,여행,고조선의 강역과 요하문명,8985433245,9788985433242,13980,동아지도,우실하 지음,6000,5700,300,5%,180점,20070901,728
115,여행,한비야의 중국견문록,8971844779,9788971844779,3810,푸른숲,한비야 지음,12000,10800,1200,10%,600점,20010824,15794
116,여행,김석철의 세계건축기행,8936470337,9788936470333,3810,창비,김석철 지음,18000,17100,900,5%,900점,19970315,1519
117,여행,변방백리 - 자전거기행,K282739037,9791197381904,3980,동연재,김효준 지음,16000,14400,1600,10%,800점,20210222,180
118,여행,제주오름 200,K892738124,9791195455157,13980,수학여행,박윤정 지음,32000,28800,3200,10%,"1,600점",20210115,210
119,여행,세상에 이런 여행,8962918935,9788962918939,3980,푸른길,김부성 외 엮음,22000,19800,2200,10%,"1,100점",20210217,340
120,여행,방구석에서 먼저 떠나는 이집트 여행,K472738584,9791196621360,3980,피서산장,최돈근 지음,15000,13500,1500,10%,750점,20210127,785
121,여행,우리가 사랑한 고흐,8946421754,9788946421752,3600,샘터사,최상운 지음,18500,16650,1850,10%,920점,20210128,1170
122,여행,내 인생의 거품을 위하여,8993525943,9788993525946,,행복우물,이승예 지음,15300,13770,1530,10%,760점,20210125,515
123,여행,한계전·한필남 부부 중세 수도원 가다,K932737324,9791191255416,3980,새미,한계전.한필남 지음,18000,17100,900,5%,900점,20210114,590
124,여행,자전거로 떠나는 세계의 오지여행,K992737702,9791197276804,3980,송위당,송남 지음,18000,16200,1800,10%,900점,20201201,370
125,여행,다만 나로 살 뿐 2,K122736334,9791190382304,4810,수오서재,원제 지음,15000,13500,1500,10%,750점,20201215,2900
126,여행,여행책은 아닙니다만,K592736231,9791197193378,3810,도서출판 11,남기형 지음,14000,12600,1400,10%,700점,20201223,860
127,여행,시애틀은 우산을 쓰지 않는다,8955968876,9788955968873,3900,노란잠수함,김태엽 지음,17000,15300,1700,10%,850점,20201202,755
128,여행,"삶의 어느 순간, 걷기로 결심했다",8993690774,9788993690774,3810,이상북스,"황상호 엮음, 정 인걸 줄리엔.김희남 기획",17000,15300,1700,10%,850점,20201210,450
129,여행,"인문학을 걷다, 호주 울루루",8996724173,9788996724179,13800,북스페이스(유비미디어),김영순 지음,14800,13320,1480,10%,740점,20201125,205
130,여행,오름 오름,K292735319,9791187694182,13980,미니멈,박선정 지음,21000,18900,2100,10%,"1,050점",20201120,680
131,여행,도쿄의 시간 기록자들,8954445292,9788954445290,3810,꼼지락,정재혁 지음,14800,13320,1480,10%,740점,20201105,1487
132,여행,장에 가자,K172633918,9791191131024,3980,이숲,정영신 지음,18000,16200,1800,10%,900점,20201031,746
133,여행,유목의 전설,K332633817,9791197176104,3810,문전,이시백 지음,20000,18000,2000,10%,"1,000점",20200925,387
134,여행,빌 브라이슨 발칙한 영국산책 (리커버 에디션),8950987651,9788950987657,3840,21세기북스,"빌 브라이슨 지음, 김지현 옮김",18000,16200,1800,10%,900점,20201015,984
135,여행,어반 리브 No.6 : 타이베이,K822632495,9791189096168,,어반북스,어반리브 편집부 엮음,16000,14400,1600,10%,800점,20200812,612
136,여행,40일간의 남미 일주,8965749476,9788965749479,3810,해냄,최민석 지음,17000,15300,1700,10%,850점,20200820,2513
137,여행,우리 술 한주 기행,893647815X,9788936478155,3980,창비,백웅재 지음,17000,15300,1700,10%,850점,20200910,1012
138,여행,"기꺼이, 이방인",K862631595,9791197104602,3810,책밥상,천선영 지음,15800,14220,1580,10%,790점,20200725,416
139,여행,인천,K042631798,9791186440582,4980,도서출판 가지,정진오 지음,16000,14400,1600,10%,800점,20200722,386
140,여행,여행이거나 사랑이거나,K272631075,9791162143360,3800,부크럼,윤정은 지음,14000,12600,1400,10%,700점,20200713,491
141,여행,"지금, 행복하고 싶어",8927811321,9788927811329,13980,중앙books(중앙북스),이소연 지음,15000,13500,1500,10%,750점,20200710,3800
142,여행,반짝이는 일을 미루지 말아요,8925536773,9788925536774,3810,알에이치코리아(RHK),여행자MAY 지음,15000,13500,1500,10%,750점,20200610,1414
143,여행,Ver a Espa&#241;a 베르 아 에스파냐,K762639031,9791190003322,,인디펍,김호현.황슬기 지음,18000,16200,1800,10%,540점,20200515,1331
144,여행,전국의 맛집 2020,8993508550,9788993508550,4590,BR미디어,블루리본 서베이 지음,19000,17100,1900,10%,190점,20200515,911
145,여행,예술과 함께 유럽의 도시를 걷다,K082639286,9791190641036,3600,책밥,이석원 지음,15800,14220,1580,10%,790점,20200427,1492
146,여행,오름나그네 1~3 세트 - 전3권,K332639962,9791155100851,4980,다빈치,"김종철 지음, 고길홍 사진",77000,69300,7700,10%,"3,850점",20200415,513
147,여행,책과 여행으로 만난 일본 문화 이야기,K392639764,9791187316633,3810,세나북스,최수진 지음,12000,10800,1200,10%,600점,20200413,1065
148,여행,영진 5만지도 1:50000 전국편,898716375X,9788987163758,,영진문화사,영진문화사 편집부 지음,60000,54000,6000,10%,"3,000점",20200401,498
149,여행,"산다는 게, 지긋지긋할 때가 있다",K592637111,9791188434275,3800,마인드큐브,최인호 지음,16000,14400,1600,10%,800점,20200220,874
150,여행,형제가 함께 간 한국의 3대 트레킹 : 제주올레 한 달 완주기 편,8926897745,9788926897744,13980,이담북스,최병욱.최병선 지음,18000,16200,1800,10%,900점,20200131,480
151,여행,비로소 나의 여정,K652636130,9791196923006,3810,하하밤(hahabalm),문여정 지음,16000,14400,1600,10%,800점,20200115,1218
152,여행,"낯선 일상을 찾아, 틈만 나면 걸었다",K692636833,9791189856717,13980,상상출판,슛뚜 지음,14500,13050,1450,10%,720점,20200116,2750
153,여행,베를린,K572636928,9791189346102,14980,풍월당,박종호 지음,17000,15300,1700,10%,850점,20191223,1191
154,여행,저스트 고 유럽 5개국 (2020~2021 최신개정판) (카카오프렌즈 스페셜 에디션),8952739558,9788952739551,14980,시공사,최철호 지음,19800,17820,1980,10%,990점,20200102,984
155,여행,고을 goeul vol.1 : 경주,K382636902,9791190109024,3050,로우프레스(부엌매거진),로우 프레스 편집부 지음,16000,14400,1600,10%,720점,20191112,1606
156,여행,빈,K102636083,9791189346089,14980,풍월당,박종호 지음,17000,15300,1700,10%,850점,20191015,1425
157,여행,TRAVEL. RECEIPT & RECORD,K332636571,9791196769109,3650,2nd Life Press(세컨드라이프프레스),전윤미 지음,26500,23850,2650,10%,"1,320점",20190801,250
158,여행,프렌즈 캐나다 : 밴쿠버.토론토.몬트리올.퀘벡.로키,892781052X,9788927810520,14980,중앙books(중앙북스),이주은.한세라 지음,22000,19800,2200,10%,"1,100점",20191007,1168
159,여행,먼 북소리,8970129502,9788970129501,3830,문학사상사,"무라카미 하루키 지음, 윤성원 옮김",16000,14400,1600,10%,800점,20190918,2580
160,여행,전국 책방 여행기,8962622963,9788962622966,3810,동아시아,석류 지음,15000,13500,1500,10%,750점,20190814,458
161,여행,차 없이 떠나는 제주 여행 코스북,K792635520,9791160508192,13910,길벗,정은주 지음,15000,13500,1500,10%,750점,20190703,1172
162,여행,빨강머리 앤이 사랑한 풍경,K152635912,9791187936299,3840,터치아트,"캐서린 리드 지음, 정현진 옮김",22000,19800,2200,10%,"1,100점",20190605,2700
163,여행,프렌즈 오키나와 : 케라마.미야코.이시가키,8927810139,9788927810131,14980,중앙books(중앙북스),전명윤.김영남 지음,16000,14400,1600,10%,800점,20190605,226
164,여행,부산의 해산물 맛집과 해양생물 이야기,K292635306,9791164353224,3898,좋은땅,허성회 지음,18000,16200,1800,10%,900점,20190517,156
165,여행,남미 히피 로드,K642635284,9791186536636,3810,나무발전소,노동효 지음,17000,15300,1700,10%,850점,20190425,996
166,여행,곽재구의 포구기행,8965746736,9788965746737,3810,해냄,곽재구 글,15800,14220,1580,10%,790점,20181224,677
167,여행,당신의 포르투갈은 어떤가요,K052534285,9791186561522,3920,북노마드,영민 지음,18000,16200,1800,10%,900점,20181025,801
168,여행,"때때로 괜찮지 않았지만, 그래도 괜찮았어",899896516X,9788998965167,13980,더시드컴퍼니,여행자MAY 지음,15000,13500,1500,10%,750점,20180824,815
169,여행,짠내투어,K142532126,9791155428252,13980,생각정거장,신익수 지음,16000,14400,1600,10%,800점,20180330,393
170,여행,마구로센세가 갑니다 1 : 오사카 & 와카야마,K222532395,9791188073153,3980,브레인스토어,나인완 지음,16500,14850,1650,10%,820점,20180202,362
171,여행,조선 여성 첫 세계 일주기,K112532299,9791187949152,3800,가갸날,나혜석 지음,12800,11520,1280,10%,640점,20180130,1603
172,여행,일본적 마음,K822532860,9791186274309,3810,책읽는고양이,김응교 지음,14000,12600,1400,10%,700점,20171130,1100
173,여행,일본 도자기 여행 : 교토의 향기,K062531751,9791185330464,13980,도도(도서출판),조용준 지음,20000,18000,2000,10%,"1,000점",20171113,569
174,여행,시리얼 시티가이드 코펜하겐,8967940963,9788967940966,14980,시드페이퍼,"시리얼 편집부 지음, 박성혜 옮김",12500,11250,1250,10%,620점,20171027,494
175,여행,Love & Free 러브 앤 프리,8998342340,9788998342340,3330,에이지21,"다카하시 아유무 지음, 이동희 옮김",13000,11700,1300,10%,650점,20171013,792
176,여행,부산,K912531223,9791186440186,4980,도서출판 가지,유승훈 지음,14000,12600,1400,10%,700점,20170925,567
177,여행,때가 되면 이란,K972531171,9791196075118,3810,난다,정영효 지음,13000,11700,1300,10%,650점,20170528,408
178,여행,영국을 걷다,8959894648,9788959894642,3980,미래의창,이영철 지음,14000,12600,1400,10%,700점,20170530,300
179,여행,평론가K는 광주에서만 살았다,K052535623,9791195907700,3810,난다,김형중 지음,13000,11700,1300,10%,650점,20161025,459
180,여행,조용한 흥분,K062433845,9791186561096,3810,북노마드,유지혜 지음,12000,10800,1200,10%,600점,20150807,1440
181,여행,일본 워킹홀리데이 & 아르바이트 일본어,K812433923,9791185980058,13980,바이링구얼,이선우.미즈하라 유우 지음,12500,11250,1250,10%,620점,20150630,831
182,여행,"빼빼가족, 버스 몰고 세계여행",8994197842,9788994197845,3980,북로그컴퍼니,빼빼가족 지음,15000,13500,1500,10%,750점,20150612,1488
183,여행,울릉도 100배 즐기기,892555612X,9788925556123,14980,알에이치코리아(RHK),박상준.이시우 지음,15000,13500,1500,10%,750점,20150430,224
184,여행,처음 상하이에 가는 사람이 가장 알고 싶은 것들,8960603309,9788960603301,13980,원앤원스타일,하경아 지음,15000,13500,1500,10%,750점,20140424,344
185,여행,오래된 것들은 다 아름답다,8970596526,9788970596525,3810,컬처그라퍼,승효상 지음,13800,12420,1380,10%,690점,20121023,2791
186,여행,푸른 영혼일 때 떠나라,8996274771,9788996274773,3810,나무발전소,"노동효 지음, 안시내 그림",13000,11700,1300,10%,650점,20110725,269
187,여행,"서울특별시전도 (1:40,000) (케이스 접지-휴대용)",8939000781,9788939000780,,성지문화사,성지문화사 편집부 지음,6000,5400,600,10%,300점,20210101,571
188,여행,"세계지도 한글지세 (코팅 원지/부착용) : 단면 (축척 1:39,000,000)",8939003098,9788939003095,,성지문화사,성지문화사 편집부 지음,15000,13500,1500,10%,750점,20210101,256
189,여행,신경림의 시인을 찾아서 1,8980409311,9788980409310,3810,우리교육,신경림 지음,11000,9900,1100,10%,550점,20100322,2586
190,여행,나의 서양미술 순례,8936470744,9788936470746,3600,창비,"서경식 지음, 박이엽 옮김",15000,13500,1500,10%,150점,20020205,3943
191,여행,전국유명 등산지도 200산,8939000730,9788939000735,,성지문화사,최선웅 엮음,16000,14400,1600,10%,800점,20200101,1057
192,여행,지구본 위에 칠판을 걸다,K062739238,9791189254537,3980,휴앤스토리,최혜경 지음,15000,13500,1500,10%,750점,20210305,1010
193,여행,우리는 사랑 아니면 여행이겠지,K272739030,9791196679255,3810,보다북스,최갑수 지음,15500,13950,1550,10%,770점,20210310,110
194,여행,그때 너에게 같이 가자고 말할걸,893498922X,9788934989226,3810,김영사,이정환 지음,13800,12420,1380,10%,690점,20210227,60
195,여행,여행이 멈춰도 사랑은 남는다,K522738421,9791190938471,13980,상상출판,채지형 지음,15000,13500,1500,10%,750점,20210222,640
196,여행,유럽 도자기 여행 : 동유럽 편,K372738327,9791185330969,3900,도도(도서출판),조용준 지음,22000,19800,2200,10%,"1,100점",20210222,160
197,여행,"미서부, 같이 가줄래?",8962918943,9788962918946,3980,푸른길,온정 지음,14000,12600,1400,10%,700점,20210222,490
198,여행,골목의 시간을 그리다,K632738322,9791191266054,3810,초록비책공방,정명섭.김효찬 지음,18000,16200,1800,10%,900점,20210220,130
199,여행,개항장 한세기 건너 지금,899617730X,9788996177302,3900,인천출판사,류민희.김진국 지음,15000,13500,1500,10%,750점,20210125,80
200,여행,"22살, 낯선 유럽",K972738026,9791166492167,3810,좋은땅,이은채 지음,12000,10800,1200,10%,600점,20210115,220
201,여행,하라쇼! 러시아,K672738028,9791191270075,3920,비욘드북스,"황인희 지음, 윤상구 사진",18000,16200,1800,10%,900점,20210118,235
202,여행,산이 그리움을 부른다,K982738796,9791166492358,3980,좋은땅,이장화 지음,23000,20700,2300,10%,"1,150점",20210129,135
203,여행,"동해, 시가 빛나는 바다",K042738794,9791191262162,3810,걷는사람,최재봉 지음,15000,13500,1500,10%,750점,20201231,120
204,여행,벗삼아호의 아름다운 항해,K492738791,9791186889244,3980,들메나무,허광음 지음,20000,18000,2000,10%,"1,000점",20210205,110
205,여행,"헤르만 헤세, 이탈리아 여행 그리고 르네상스 예술",8984119970,9788984119970,3850,세창출판사(세창미디어),김선형 지음,21000,19950,1050,5%,630점,20201230,90
206,여행,노래 따라 동해 기행,K472738480,9791191262148,3810,걷는사람,이동순 지음,15000,13500,1500,10%,750점,20201231,95
207,여행,별것 아닌 것,K502738180,9791197020148,3810,yeondoo,전윤혜 지음,14000,12600,1400,10%,700점,20210125,340
208,여행,동학의 땅 경북을 걷다,K132738083,9791191262124,3150,걷는사람,신정일 지음,15000,13500,1500,10%,750점,20201231,90
209,여행,제5차 국토종합계획 수정계획도 (대형 족자형),8969010351,9788969010353,3980,영진문화사,영진문화사 편집부 엮음,50000,45000,5000,10%,"2,500점",20210101,160
210,여행,모독 (10주기 스페셜 에디션),K552737353,9791170400370,3810,문학판,"박완서 지음, 민병일 사진",17000,15300,1700,10%,850점,20210121,395
211,여행,지구촌 야간관광,K642737258,9791188144044,3980,두현출판사,한국관광공사 지음,14000,12600,1400,10%,700점,20210120,370
212,여행,해시태그 타이중,K612737151,9791197219467,3910,해시태그(Hashtag),이라암 지음,13000,11700,1300,10%,650점,20210220,105
213,여행,중국 지리와 문물 기행,8956768447,9788956768441,3810,대경북스,서진우 지음,18000,16200,1800,10%,540점,20210112,85
214,여행,"도스토옙스키, 죽음의 집에서 살아나다",K952737052,9791159161476,4810,반딧불이(한결미디어),이정식 지음,16000,14400,1600,10%,800점,20210111,350
215,여행,일상이 의미 부여,K152737852,9791186274774,,책읽는고양이,황혜리 지음,11900,10710,1190,10%,590점,20210121,2085
216,여행,자동차로 떠나는 터키 가족여행,K242737605,9791165394998,3910,북랩,김영.김린.김예린 지음,15800,14220,1580,10%,790점,20201228,70
217,여행,형제가 함께 간 한국의 3대 트레킹 : 지리산 둘레길 편,K622737804,9791166032769,,이담북스,최병욱.최병선 지음,17000,15300,1700,10%,850점,20201231,165
218,여행,여행의 품격 (큰글자책),K792737693,9791190938211,,상상출판,박종인 글.사진,40000,38000,2000,5%,"2,000점",20201231,70
219,여행,난생 처음 떠나는 문화유산 ODA 여행,K042737597,9791197285110,3910,문보재,ODA 18인 지음,16000,16000,0,0%,800점,20201218,465
220,여행,섬문화 답사기 : 통영편,8964944690,9788964944691,4900,보누스,김준 지음,22000,19800,2200,10%,"1,100점",20201215,240
221,여행,다만 나로 살 뿐 1,K172736334,9791190382298,4810,수오서재,원제 지음,15000,13500,1500,10%,750점,20201215,3270
222,여행,섬에서의 하룻밤,K972736330,9791190052528,3980,파람북,김민수 지음,16000,14400,1600,10%,800점,20201214,855
223,여행,독일은 왜?,K092736472,9791185831992,3920,이지앤북스,강현성 지음,14000,12600,1400,10%,700점,20201130,605
224,여행,블루스트리트(BLUE STREET) Vol.14 : 골목 술집,K642736770,9791196999094,,리테일앤인사이트,블루스트리트 편집부 지음,12000,10800,1200,10%,540점,20201201,205
225,여행,언택트 한국여행,K102736663,9791165394561,3810,북랩,오종호 지음,18000,16200,1800,10%,900점,20201120,425
226,여행,"엄마, 히말라야는 왜 가?",K102736564,9791196872243,3910,책구름,백운희 지음,15000,13500,1500,10%,750점,20201127,655
227,여행,미국 보딩스쿨에서 아이비리그까지,K712735146,9791165369590,3190,좋은땅,최선남.신동혁 지음,33000,29700,3300,10%,"1,650점",20201111,155
228,여행,여행자의 편지 치앙마이,K062735313,9791195148264,3910,문화다방,문희정 지음,15000,13500,1500,10%,750점,20201105,330
229,여행,ENJOY 이번엔 제주,K142633127,9791191209075,13980,넥서스BOOKS,강석균 지음,18500,16650,1850,10%,920점,20201113,225
230,여행,당신이 모르는 그 곳 제주 Jeju Island,K042633027,9791189647094,,어라운더월드,어라운더월드 편집부 지음,18000,16200,1800,10%,900점,20201030,435
231,여행,이런 여행이라면,K582633028,9791197135309,,메종인디아,배종훈 외 지음,18000,16200,1800,10%,900점,20201022,145
232,여행,아이 좋아 가족 여행,8927811747,9788927811749,13980,중앙books(중앙북스),송윤경 지음,23000,20700,2300,10%,"1,150점",20201105,398
233,여행,"페루, 안데스의 시간",K892633826,9791189533441,3800,SISO,정성천 지음,15000,13500,1500,10%,750점,20201105,151
234,여행,지하철로 떠나는 서울 & 근교 여행,K472633724,9791190927840,13980,넥서스BOOKS,최미선.신석교 지음,22000,19800,2200,10%,"1,100점",20201105,280
235,여행,마침내 일상에 도착했다,K612633611,9791189510183,3910,컴인,김송은 지음,15000,13500,1500,10%,750점,20201028,853
236,여행,"바람이 분다, 걸어야겠다",K822633113,9791162850657,3810,마음의숲,박지현(제주유딧) 지음,15000,13500,1500,10%,750점,20201026,983
237,여행,지리쌤과 함께하는 우리나라 도시 여행 1~3 - 전3권,K692633713,9791187514527,4980,폭스코너,전국지리교사모임 지음,53500,48150,5350,10%,"2,670점",20201014,402
238,여행,피크닉,K822633606,9791190641227,13980,책밥,최가을 지음,14800,13320,1480,10%,740점,20201022,343
239,여행,유스티노 신부의 치유의 순례기,K682633402,9791187895190,3980,예지(Wisdom),김평만 지음,18000,16200,1800,10%,900점,20200915,1787
240,여행,"스물셋, 지금도 여행하고 있습니다",K232633307,9791165367787,3810,좋은땅,남채연 지음,12000,10800,1200,10%,600점,20200923,250
241,여행,큰 나무,K322633203,9791186309100,3480,문화통신,김남덕 지음,23000,20700,2300,10%,"1,150점",20201001,116
242,여행,연희동 편집자의 강릉 한달살기,K602633109,9791196341671,3810,왓어북,아뉴 지음,13000,11700,1300,10%,650점,20200925,350
243,여행,백두대간 눈으로 그리다 2,K592633806,9791165524203,3810,지식과감성#,김태연 지음,35000,31500,3500,10%,"1,750점",20200925,122
244,여행,오늘부터 차박캠핑,K822633694,9791165791957,13980,시공사,홍유진 지음,16000,14400,1600,10%,800점,20200924,1183
245,여행,결혼에도 휴가가 필요해서,K092633495,9791197050008,3810,북튼,아리(임현경) 지음,16000,14400,1600,10%,800점,20201005,1125
246,여행,해파랑길 몽돌소리,8978640869,9788978640862,3800,산책(도서출판),남상호 지음,15000,13500,1500,10%,750점,20200904,422
247,여행,청춘이라면? 미국 자전거 여행!,K912633171,9791166030741,13940,이담북스,신정훈 지음,15000,13500,1500,10%,750점,20200908,238
248,여행,지리쌤과 함께하는 우리나라 도시 여행 3,K372632954,9791187514503,3980,폭스코너,전국지리교사모임 지음,18500,16650,1850,10%,920점,20200915,802
249,여행,작은 책방은 힘이 세다,K372632616,9791196260088,3010,책방,장지은 지음,10000,9500,500,5%,300점,20200906,719
250,여행,나홀로 여행 컨설팅북,K932632706,9791165212612,13980,길벗,이주영 지음,17000,15300,1700,10%,850점,20200831,638
251,여행,노르웨이의 시간,K352631456,9791189510176,3920,컴인,신하늘 지음,18000,16200,1800,10%,900점,20200812,1889
252,여행,ENJOY 이번엔! 울릉도.독도,K972631357,9791190927345,13980,넥서스BOOKS,장치은 외 지음,13000,11700,1300,10%,650점,20200811,323
253,여행,프랑스 르퓌길 40일 도보여행,K452631352,9791166030291,13980,이담북스,박명희 지음,16000,14400,1600,10%,800점,20200807,140
254,여행,스타벅스로 세계 여행,K372631358,9791186972748,3980,제이앤제이제이,앨리스 지음,20000,18000,2000,10%,"1,000점",20200810,643
255,여행,"세상에서 가장 행복한 나라, 핀란드",K812631259,9791189930493,3920,하모니북,안건 지음,15000,13500,1500,10%,750점,20200825,483
256,여행,늬들이 서울을 알아?,K642631933,9791197075308,3910,넥스트뉴스,정홍택.김병윤 지음,18000,16200,1800,10%,900점,20200707,70
257,여행,우린 다시 여행하게 될 거야,K572631828,9791190061216,3810,두사람,김나영 외 지음,14500,13050,1450,10%,720점,20200810,349
258,여행,대한민국 섬 여행 가이드,8927811372,9788927811374,14980,중앙books(중앙북스),이준휘 지음,18800,16920,1880,10%,940점,20200808,953
259,여행,낙타의 관절은 두 번 꺾인다,8993525838,9788993525830,3810,행복우물,에피 지음,15000,13500,1500,10%,750점,20200803,1839
260,여행,고을 goeul vol.2 : 담양,K302631611,9791190109048,,로우프레스(부엌매거진),로우 프레스 편집부 지음,16000,14400,1600,10%,720점,20200724,868
261,여행,카카오프렌즈 동네산책 : 서울,K362631416,9791136238306,7810,대원앤북,"안또이 지음, 시루 그림",13800,12420,1380,10%,690점,20200723,283
262,여행,여행 꿀팁,K002631497,9791166030253,13980,이담북스,박동주 지음,14000,12600,1400,10%,700점,20200721,110
263,여행,하루 여행 하루 더 여행,K192631897,9791196679231,13980,보다북스,최갑수 지음,17000,15300,1700,10%,850점,20200730,985
264,여행,2019 홍콩 시위: 3달의 기록,K522631684,9791137211193,,부크크(bookk),권순목 지음,13500,13500,0,0%,0점,20200706,231
265,여행,서울 옛길 사용설명서,8979191944,9788979191943,3980,창해,한국청소년역사문화홍보단 지음,18500,16650,1850,10%,920점,20200721,272
266,여행,52주 여행 남몰래 아껴둔 서울경기 255,K642631176,9791190641098,13980,책밥,로리로리와 그 남자 글.사진,19500,17550,1950,10%,970점,20200725,846
267,여행,50대 여자 혼자 싸돌아 다니기,K142630218,9791137208278,,부크크(bookk),뒷북치는 여자 지음,14000,14000,0,0%,0점,20200602,220
268,여행,"괜찮아, 잘했어! 기차여행",8988125495,9788988125496,3910,글로벌마인드,정정심 지음,15800,14220,1580,10%,790점,20200622,336
269,여행,일은 핑계고 술 마시러 왔는데요?,K112630691,9791165790479,3810,시공사,탁재형 지음,16000,14400,1600,10%,800점,20200619,606
270,여행,산티아고 40일간의 위로,K172630576,9791188829156,3980,디스커버리미디어,박재희 지음,16500,14850,1650,10%,820점,20200625,297
271,여행,아이여행 가이드북,K792630368,9791189856946,13980,상상출판,권다현 지음,17000,15300,1700,10%,850점,20200615,597
272,여행,코넌 도일,8950988275,9788950988272,4000,arte(아르테),이다혜 지음,18800,16920,1880,10%,940점,20200603,3429
273,여행,"서울, 테마 산책길 4",K172630165,9791161615448,14530,서울책방,서울특별시 푸른도시국 자연생태과 지음,3000,3000,0,0%,150점,20190101,577
274,여행,크루즈여행 가이드북,K242639539,9791165390983,3980,북랩,김대은 지음,15800,14220,1580,10%,790점,20200508,133
275,여행,"여전히 난, 행복하려고",K942639513,9791189930363,3980,하모니북,조유일 지음,17600,15840,1760,10%,880점,20200525,204
276,여행,케이채의 모험,K142639113,9791187431183,3810,호빵,케이채 지음,16500,14850,1650,10%,820점,20200501,585
277,여행,스페인의 빨간 맛,K872639064,9791158771621,3920,바이북스,한지은 지음,15000,13500,1500,10%,750점,20200420,196
278,여행,참 쉽다 사이판에서 한달살기 (2020년~2021년 대비판),8960305529,9788960305526,13980,황금부엉이,이은경 외 지음,14300,12870,1430,10%,710점,20200429,276
279,여행,철인의 자전거 그리고 산티아고,K042639963,9791165391591,3810,북랩,김영일 지음,15000,13500,1500,10%,750점,20200415,180
280,여행,숍 인[!n] 유럽,K972639862,9791185831947,14980,이지앤북스,안미영 외 지음,10800,9720,1080,10%,540점,20200420,331
281,여행,바 인[!n] 유럽,K772639861,9791185831954,14980,이지앤북스,이연실 외 지음,11800,10620,1180,10%,590점,20200420,188
282,여행,함부로 사랑하고 수시로 떠나다,8954442366,9788954442367,3810,꼼지락,변종모 지음,13500,12150,1350,10%,670점,20200413,861
283,여행,전국일주 가이드북,K902638937,9791189856878,13980,상상출판,유철상 외 지음,17900,16110,1790,10%,890점,20200410,2822
284,여행,남부 유럽 도시 기행,8962918684,9788962918687,3920,푸른길,이경한 지음,18000,16200,1800,10%,900점,20200323,149
285,여행,에이든 세계 지도로 세계여행 루트 짜기,K772638228,9791190073042,,타블라라사,타블라라사 편집부.이정기 지음,16000,14400,1600,10%,800점,20200401,694
286,여행,주말여행 버킷리스트 99,8952762169,9788952762160,13980,시공사,김혜영 지음,19800,17820,1980,10%,990점,20200310,411
287,여행,철부지 시니어 729일간 내 맘대로 지구 한 바퀴,K512638405,9791190233668,3980,라온북,안정훈 지음,17000,15300,1700,10%,850점,20200306,490
288,여행,제주의 성숲 당올레 111,K482638687,9791189205614,3380,황금알,문무병 지음,30000,30000,0,0%,"1,500점",20200318,123
289,여행,가브리엘 샤넬을 찾아가는 길,K892638682,9791196147501,3920,유비앤코,김영일 지음,15000,13500,1500,10%,750점,20200215,98
290,여행,"포르투갈, 시간이 머무는 곳 (특별 리커버 에디션)",8997066528,9788997066520,3980,모요사,최경화 지음,18000,16200,1800,10%,900점,20200228,470
291,여행,여행이 은유하는 순간들,8967821026,9788967821029,3810,푸른향기,김윤성 지음,15000,13500,1500,10%,750점,20200309,315
292,여행,무작정 따라하기 하와이,K452637913,9791165210434,13980,길벗,박재서 지음,18500,16650,1850,10%,920점,20200207,248
293,여행,이탈리아 자동차 여행,K362637206,9791189469771,14980,꿈의지도,이정운.김기현 지음,16000,14400,1600,10%,800점,20200225,401
294,여행,한국 민중항쟁 답사기 : 광주·전남 편,8977469368,9788977469365,3910,내일을여는책,이혜영 지음,23000,20700,2300,10%,"1,150점",20200511,692
295,여행,미리 가 보는 북한,K632637693,9791161657554,13980,넥서스BOOKS,"헨리 마르 지음, 조경연 옮김, 닐 테일러",15000,13500,1500,10%,750점,20200210,287
296,여행,"이란-페르시아, 바람의 길을 걷다",8970759395,9788970759395,3910,문학세계사,김중식 지음,18000,16200,1800,10%,900점,20200130,243
297,여행,프라하에서 한 달 살기,K352636040,9791196845384,13980,책밥,사라 지음,17000,15300,1700,10%,850점,20200127,624
298,여행,버킷리스트 미국 서부 : 로스앤젤리스·라스베이거스·샌프란시스코·캐니언,K202636746,9791196845360,13980,책밥,서수민 지음,16000,14400,1600,10%,800점,20200128,409
299,여행,저스트 고 스페인 포르투갈 (2020~2021 최신개정판) (카카오프렌즈 스페셜 에디션),8952739396,9788952739391,14980,시공사,김지영 지음,18800,16920,1880,10%,940점,20200127,383
300,여행,고딩의 73일 미국 캐나다 여행일기장,K202636533,9791165390426,43940,북랩,신명 지음,17000,15300,1700,10%,850점,20200117,113
301,여행,김언호의 세계서점기행,8935663344,9788935663347,3980,한길사,김언호 지음,19000,18050,950,5%,570점,20200120,996
302,여행,일본 가톨릭 유산 성지순례 가이드북,K952636233,9791190162784,3980,바른북스,박승우 지음,15000,13500,1500,10%,750점,20200110,250
303,여행,스페인 하숙보다 더 리얼한 산티아고 순례길,K272636232,9791196872069,3920,메이킹북스,김병환 지음,15000,13500,1500,10%,750점,20200110,466
304,여행,에이든 부산 여행지도,K002636232,9791190073035,,타블라라사,타블라라사 편집부 외 지음,13800,12420,1380,10%,690점,20200115,481
305,여행,나의 문구 여행기,8958077468,9788958077466,3810,뜨인돌,문경연 지음,18800,16920,1880,10%,940점,20200117,8750
306,여행,인조이 상하이 : 항저우.쑤저우,K762636732,9791161658469,13980,넥서스BOOKS,이나미.민보영 지음,16500,14850,1650,10%,820점,20200108,182
307,여행,이탈리아 아트 트립,K052636731,9791165210212,3600,더퀘스트,김현성 지음,16000,14400,1600,10%,800점,20200110,572
308,여행,"내일은 스웨덴 : 스톡홀름, 예테보리, 말뫼, 웁살라",K742636622,9791188063413,14980,착한책방,김선태 지음,22000,19800,2200,10%,"1,100점",20200107,235
309,여행,그렇게 몽땅 떠났습니다,K612636526,9791190061117,3980,두사람,김지수 지음,14500,13050,1450,10%,720점,20200110,405
310,여행,아메리카 자전거 여행,K022636723,9791190427463,3810,위즈덤하우스,홍은택 지음,16000,14400,1600,10%,800점,20191212,391
311,여행,아는동네 아는인천 1,K412636419,9791190139021,13980,어반플레이(URBANPLAY),어반플레이 지음,15000,13500,1500,10%,750점,20191216,287
312,여행,캐나다 횡단 79일 - 하,K382636312,9791162759141,3980,지식과감성#,이종호 지음,23000,20700,2300,10%,"1,150점",20191210,91
313,여행,캐나다 횡단 79일 - 상,K352636312,9791162759134,3980,지식과감성#,이종호 지음,23000,20700,2300,10%,"1,150점",20191210,94
314,여행,천국이 내려오다,8934999748,9788934999744,3810,김영사,김동영 지음,14500,13050,1450,10%,720점,20191202,2636
315,여행,"베트남, 라오스, 캄보디아 3국의 커피, 누들, 비어",8926897168,9788926897164,3980,이담북스,"이영지 지음, 유병서 사진",15000,13500,1500,10%,750점,20191206,298
316,여행,"시카고, 8개의 선",K292636309,9791189337063,4810,하우위아(HOW WE ARE),임소라 지음,12000,10800,1200,10%,600점,20191115,170
317,여행,"여행할 땐, 책",K022636593,9791190382045,3810,수오서재,김남희 지음,13500,12150,1350,10%,670점,20191111,5344
318,여행,유목민 호텔,K842636599,9791161110486,3890,뮤진트리,"세스 노터봄 지음, 금경숙 옮김",17000,15300,1700,10%,850점,20191111,716
319,여행,무작정 따라하기 상하이,K682636493,9791160509571,13980,길벗,서혜정 지음,17800,16020,1780,10%,890점,20191031,688
320,여행,"퐁당, 시칠리아",8926896803,9788926896808,13810,이담북스,윤정인 지음,16000,14400,1600,10%,800점,20191104,288
321,여행,스페셜티 커피 멜버른,K372636394,9791160074345,13590,한즈미디어(한스미디어),"스머지 출판사 엮음, 김미란 옮김",40000,36000,4000,10%,"2,000점",20191106,404
322,여행,"함께, 히말라야",896782095X,9788967820954,3910,푸른향기,문승영 지음,16000,14400,1600,10%,800점,20191115,878
323,여행,베스트 프렌즈 도쿄,8927810570,9788927810575,14980,중앙books(중앙북스),정꽃나래.정꽃보라 지음,11000,9900,1100,10%,550점,20191105,333
324,여행,세상의 끝에서 만난 음악,8954658288,9788954658287,3670,문학동네,신경아 지음,21000,18900,2100,10%,"1,050점",20191023,783
325,여행,맛집투어 다녀오겠습니다! 부산여행편,K952636287,9791190323376,3800,(주)백산출판사,FOOSAN 지음,8000,8000,0,0%,0점,20190930,110
326,여행,하와이하다,8934999233,9788934999232,3810,비채,"선현경 지음, 이우일 그림",13800,12420,1380,10%,690점,20191014,2359
327,여행,길을 잃어 여행 갑니다,8934999276,9788934999270,3810,김영사,김비.박조건형 지음,15800,14220,1580,10%,790점,20191014,636
328,여행,여행은 재즈다,8995803541,9788995803547,,말글,강성일 지음,14000,12600,1400,10%,700점,20190928,150
329,여행,발리에선 아무 일도 생기지 않았다,K252636371,9791196593513,910,방,방멘 지음,10000,9000,1000,10%,500점,20191002,145
330,여행,"여, 행하라",K432636172,9791196803001,3810,(주)키이츠서울,윤영미 지음,15000,13500,1500,10%,750점,20190925,661
331,여행,"아무것도 하지 않는 시간, 치앙마이",K502636074,9791196515607,3910,쉬는시간,곽명주 지음,12000,10800,1200,10%,600점,20190919,148
332,여행,대한민국 요즘 여행,892556775X,9788925567754,13980,알에이치코리아(RHK),옥미혜.서준규 지음,18800,16920,1880,10%,940점,20190910,2017
333,여행,태국역사문화기행,K132636065,9791159015960,4980,한국외국어대학교출판부 지식출판원(HUINE),정환승 지음,25000,23750,1250,5%,"1,250점",20190828,223
334,여행,이민 가면 행복하냐고 묻는 당신에게,K322636063,9791160360806,3070,REFERENCE BY B,장혜진 지음,17000,15300,1700,10%,850점,20190902,530
335,여행,설렘 두배 방콕,K752636062,9791188829101,13980,디스커버리미디어,이다혜 지음,16000,14400,1600,10%,800점,20190916,478
336,여행,무작정 따라하기 베트남 호치민.나트랑(냐짱).푸꾸옥,K322636068,9791160508949,13980,길벗,김승남.전상현 지음,16800,15120,1680,10%,840점,20190903,786
337,여행,바이블 제주,K052635356,9791162998342,3800,북랩,강창형 지음,15000,13500,1500,10%,750점,20190830,70
338,여행,Tripful 트립풀 블라디보스톡,K402635159,9791185831800,14980,이지앤북스,서진영 지음,16000,14400,1600,10%,800점,20190820,440
339,여행,전라도 섬맛기행,8950982633,9788950982638,4900,21세기북스,강제윤 지음,16800,15120,1680,10%,840점,20190819,466
340,여행,"쉬어가도 괜찮아, 치앙마이니까",8997732064,9788997732067,3810,니케,단아 지음,13800,13110,690,5%,410점,20190820,299
341,여행,육아휴직하고 딸과 세계여행 갑니다,K262635646,9791189166984,3810,북로그컴퍼니,이재용.이서윤 지음,16000,14400,1600,10%,800점,20190812,320
342,여행,호주 셀프트래블,K912635444,9791189856465,14980,상상출판,앨리스 리 외 지음,17500,15750,1750,10%,870점,20190812,945
343,여행,인조이 뉴질랜드 (2019~2020 최신개정판),K932635441,9791189432720,13980,넥서스BOOKS,김태훈 지음,16500,14850,1650,10%,820점,20190802,893
344,여행,프렌즈 홋카이도 : 삿포로.오타루.하코다테.후라노.비에이,8927810309,9788927810308,14980,중앙books(중앙북스),정꽃나래.정꽃보라 지음,16000,14400,1600,10%,800점,20190805,225
345,여행,유럽 여행백서,8998417456,9788998417451,14980,나무자전거,염승범 외 지음,26000,23400,2600,10%,"1,300점",20190725,342
346,여행,프랑스 와인 여행,K162635845,9791189469528,14980,꿈의지도,엄정선.배두환 지음,16000,14400,1600,10%,800점,20190815,861
347,여행,여행자의 방 첫 번째,K702635431,9791190061056,14980,두사람,한국관광공사 지음,13500,12150,1350,10%,670점,20190730,515
348,여행,노란 화살표 방향으로 걸었다,K142635331,9791170400035,3230,열림원,서영은 지음,15000,13500,1500,10%,750점,20190725,311
349,여행,임헌영의 유럽문학기행,8976962982,9788976962980,3800,역사비평사,임헌영 지음,22000,19800,2200,10%,"1,100점",20190830,1536
350,여행,사하라를 걷다,K622636289,9791189722128,3810,니케북스,주형원 지음,14000,12600,1400,10%,700점,20191020,205
351,여행,"어차피 일할 거라면, Porto",K362635730,9791159000553,3810,포북(for book),하경화.이혜민 지음,19800,17820,1980,10%,990점,20190720,1069
352,여행,무작정 따라하기 홍콩 마카오,K022635522,9791160508215,13980,길벗,김수정.김승남.원정아 지음,18800,16920,1880,10%,940점,20190627,354
353,여행,퇴사는 여행,K062635321,9791186561638,3810,북노마드,정혜윤 지음,16000,14400,1600,10%,800점,20190701,567
354,여행,Tripful 트립풀 치앙마이,K922635320,9791185831756,14980,이지앤북스,박정희 지음,16000,14400,1600,10%,800점,20190622,1320
355,여행,꽃의 파리행,K992635024,9791186173640,3810,알비,"나혜석 지음, 구선아 엮음",13800,12420,1380,10%,690점,20190614,408
356,여행,프렌즈 터키,8927810252,9788927810254,14980,중앙books(중앙북스),주종원.채미정 지음,20000,18000,2000,10%,"1,000점",20190624,681
357,여행,묵상,8971999616,9788971999615,3610,돌베개,승효상 지음,28000,25200,2800,10%,"1,400점",20190606,2897
358,여행,리얼 도쿄,K042635019,9791188007301,14980,한빛라이프,양미석 지음,17000,15300,1700,10%,850점,20190625,407
359,여행,60일의 지구 여행,K302635509,9791157746330,3810,아라크네,곽명숙 지음,17000,15300,1700,10%,850점,20190525,414
360,여행,무작정 따라하기 오사카.교토,K662635307,9791160507980,,길벗,"홍유진 지음, 오원호 사진",18800,16920,1880,10%,940점,20190603,431
361,여행,프렌즈 도쿄 : 요코하마.카마쿠라.에노시마.하코네.도쿄 디즈니 리조트,8927810120,9788927810124,14980,중앙books(중앙북스),정꽃나래.정꽃보라 지음,16000,14400,1600,10%,800점,20190603,307
362,여행,유럽은 내 페달 위에 있었다,K902635306,9791196691509,3810,꿈상인출판소,강민준 지음,15000,13500,1500,10%,750점,20190505,88
363,여행,뉴질랜드에선 모든 게 쉬워,8965292050,9788965292050,13980,씽크스마트,유진아 지음,14500,13050,1450,10%,720점,20190531,169
364,여행,오늘만은 나랑 화해할래요,K502635801,9791189413767,3810,자화상,김민준 지음,14500,13050,1450,10%,720점,20190516,301
365,여행,캠핑카 타고 고양이는 여행 중,K362635703,9791164352173,3940,좋은땅,이재경 지음,21000,18900,2100,10%,"1,050점",20190417,93
366,여행,세계 10대 트레일,K242635494,9791189469399,14980,꿈의지도,이영철 지음,16000,14400,1600,10%,800점,20190520,414
367,여행,중국 배낭여행,K922635291,9791160542714,3810,렛츠북,조종수 지음,15000,13500,1500,10%,750점,20190501,199
368,여행,밤의 공항에서,K812635196,9791196679200,3810,보다북스,최갑수 지음,16800,15120,1680,10%,840점,20190513,1361
369,여행,그래서 네덜란드로 갔어,K952635192,9791189930066,3810,하모니북,죠디 리 지음,15000,13500,1500,10%,750점,20190429,202
370,여행,우리가 아는 북한은 없다,K512635484,9791187342137,,도서출판 말,신은미 지음,18000,16200,1800,10%,900점,20190419,277
371,여행,너의 꽃놀이,K392635882,9791186925744,13980,책밥,김미녀 지음,15800,14220,1580,10%,790점,20190415,196
372,여행,걸어서 환장 속으로,K922635783,9791158160920,3810,달,곽민지 지음,14500,13050,1450,10%,720점,20190408,1134
373,여행,교토의 밤 산책자,K992635075,9791160402438,13980,한겨레출판,이다혜 지음,14800,13320,1480,10%,740점,20190330,1784
374,여행,Cafe Tour 카페 투어,K102635468,9791186925713,13980,책밥,장인화 지음,15800,14220,1580,10%,790점,20190325,198
375,여행,긴 여행의 도중,895605990X,9788956059907,3830,엘리,"호시노 미치오 지음, 박재영 옮김",14800,13320,1480,10%,740점,20190318,570
376,여행,프랑스와 사랑에 빠지는 인문학 기행 : 빛과 매혹의 남부,8970656804,9788970656809,4840,홍익,"마르시아 드상티스 지음, 노지양 옮김",14800,13320,1480,10%,740점,20190322,518
377,여행,샬레트래블 무크 칸쿤,K482635265,9791188652112,13940,㈜샬레트래블앤라이프,"이주경.박민주 지음, 정소현 사진",10000,9000,1000,10%,500점,20190315,200
378,여행,아시아 건축기행,8935668079,9788935668076,4610,한길사,강영환 지음,16000,15200,800,5%,480점,20190220,150
379,여행,[POD] 유럽미술여행,K042534635,9791127258726,3600,부크크(bookk),피지영 지음,16900,16900,0,0%,0점,20190211,302
380,여행,길 위에서 만난 북한 근현대사 (리커버 에디션),8965642248,9788965642244,3910,현실문화,"테사 모리스 스즈키 지음, 서미석 옮김",18000,16200,1800,10%,900점,20190201,248
381,여행,"라스베이거스 홀리데이 (2019~2020 개정판, 휴대용 맵북)",K242534633,9791189469191,14980,꿈의지도,이미랑 글.사진,15000,13500,1500,10%,750점,20190130,160
382,여행,줄리아 워츠의 뉴욕 스케치,K182534338,9791160857764,7840,길찾기,"줄리아 워츠 지음, 정경아 옮김",25000,22500,2500,10%,"1,250점",20190115,234
383,여행,뉴욕 영화 가이드북,K312534230,9791188366125,13980,헤이북스,박용민 지음,24800,22320,2480,10%,"1,240점",20190125,201
384,여행,온갖 날의 미식 여행,K022534521,9791188508105,13590,위즈플래닛,정연주 지음,14000,12600,1400,10%,700점,20190110,164
385,여행,너도 떠나보면 나를 알게 될 거야,K122534423,9791158160111,3940,달,김동영 지음,14000,12600,1400,10%,700점,20180320,533
386,여행,마구로센세가 갑니다 2 : 오키나와,K772534917,9791188073337,3980,브레인스토어,나인완 지음,16500,14850,1650,10%,820점,20181221,226
387,여행,미국 보딩스쿨 입학부터 졸업까지 2019,K132534608,9791162228470,3190,좋은땅,임준희 지음,18000,16200,1800,10%,900점,20181127,293
388,여행,앙코르와트 내비게이션,K402534407,9791196464424,13980,이밥차(그리고책),정숙영.박원순 지음,14800,13320,1480,10%,740점,20181130,277
389,여행,마산.진해.창원,K692534809,9791186440384,4980,도서출판 가지,김대홍 지음,16000,14400,1600,10%,800점,20181130,459
390,여행,무작정 따라하기 뉴욕,K792534593,9791160506228,13980,길벗,박혜정.박혜성 지음,18000,16200,1800,10%,900점,20181122,422
391,여행,부산 탐식 프로젝트,8965455669,9788965455660,3590,산지니,최원준 지음,18000,16200,1800,10%,900점,20181115,149
392,여행,독일을 즐기는 건배사,8926885976,9788926885970,3980,이담북스,전나래 지음,16000,14400,1600,10%,800점,20181116,179
393,여행,황작가의 오사카 인생맛집,K182534991,9791196429942,13910,별하문화,황성민 지음,11200,10080,1120,10%,560점,20181030,119
394,여행,프렌즈 미국 서부,8927809688,9788927809685,14980,중앙books(중앙북스),이주은.정철 지음,19000,17100,1900,10%,950점,20181107,1106
395,여행,humming 경주,8969810099,9788969810090,3980,아이퍼블릭스,"허선영 지음, 김동율 사진",14000,12600,1400,10%,700점,20181024,124
396,여행,"토닥토닥, 숲길",K742534182,9791187749981,3980,예문아카이브,"박여진 지음, 백홍기 사진",14000,12600,1400,10%,700점,20181018,735
397,여행,료칸에서의 하루,K342534182,9791189199517,13980,시그마북스,"세키 아키히코.롭 고스 지음, 김은지 옮김",18500,16650,1850,10%,920점,20181101,335
398,여행,이탈리아 소도시 여행,8952792424,9788952792426,13980,시공사,백상현 지음,16000,14400,1600,10%,800점,20180920,504
399,여행,블루북 시티가이드 인천,K422534075,9791195943630,13980,리테일앤인사이트,블루북 편집부 지음,28000,25200,2800,10%,"1,400점",20180919,109
400,여행,"발리 홀리데이 (2019~2020년 최신판, 휴대용 맵북)",K482534970,9791189469047,14980,꿈의지도,전혜진.김준현.박재현 지음,14000,12600,1400,10%,700점,20180920,366
401,여행,제주도 반할지도,K922534876,9791195592371,13980,해변에서랄랄라,최상희.최민 지음,14000,12600,1400,10%,420점,20180909,627
402,여행,그대로 괜찮은 오늘이어서,K642534872,9791185831619,2810,이지앤북스,이채빈 지음,15000,13500,1500,10%,750점,20180917,253
403,여행,"소소낭만, 일본 소도시 여행",K722533756,9791187496700,13980,꿈의지도,우승민 지음,16000,14400,1600,10%,800점,20180910,1284
404,여행,중고생을 위한 한국지질공원 여행,K572533648,9791157783298,3450,맑은샘(김양수),"임충완 외 지음, 이인성 감수",15000,13500,1500,10%,750점,20180816,194
405,여행,희망을 여행하라,8971398337,9788971398333,3980,소나무,이매진피스.임영신.이혜영 지음,21000,18900,2100,10%,"1,050점",20180808,574
406,여행,뉴욕규림일기,K292533942,9791187289425,3810,비컷,김규림 지음,14800,13320,1480,10%,740점,20180820,2219
407,여행,그리스 셀프 트래블,K662533236,9791187795889,14980,상상출판,박정은 지음,14500,13050,1450,10%,720점,20180802,264
408,여행,지리산 감성 여행,8963395839,9788963395838,3980,책나무,강병규 지음,16000,14400,1600,10%,800점,20180725,88
409,여행,En SPAIN 엔 스페인,K872533032,9791196205522,13980,오브바이포,도은진 지음,19000,17100,1900,10%,950점,20180718,680
410,여행,나조차 나를 사랑하지 못하고,8954438857,9788954438858,3810,자음과모음,변종모 지음,16500,14850,1650,10%,820점,20180712,312
411,여행,제주 토박이의 섬.바람.오름이야기 두 번째 이야기,K882533664,9791157765584,3980,책과나무,강용희 지음,15000,13500,1500,10%,750점,20180625,72
412,여행,서울수도권 광역전철노선도,8987163776,9788987163772,13980,영진문화사,영진문화사 편집부 지음,10000,9000,1000,10%,500점,20180401,874
413,여행,일본에서 일하며 산다는 것,K202532451,9791187316251,3980,세나북스,김성헌 외 지음,14000,12600,1400,10%,700점,20180608,573
414,여행,하와이 패밀리,K172532958,9791185860442,3810,이야기나무,손창우 지음,16000,14400,1600,10%,800점,20180518,137
415,여행,백패킹 980g,8931582412,9788931582413,3690,성안당,고요한 지음,19800,17820,1980,10%,990점,20180427,653
416,여행,역장추천맛집100,K362532749,9791186760017,3980,성우애드컴,KTX매거진 편집부 지음,10000,9000,1000,10%,500점,20180401,687
417,여행,다정한 사람에게 다녀왔습니다,K752532633,9791158770488,3810,바이북스,노윤주 지음,14000,12600,1400,10%,700점,20180425,374
418,여행,"아무튼, 방콕",K182532436,9791188343072,2810,제철소,김병운 지음,9900,8910,990,10%,490점,20180419,2193
419,여행,우리들의 멋스러운 무단횡단,K172532230,9791188063109,13980,착한책방,이은경 지음,13800,12420,1380,10%,690점,20180423,366
420,여행,"서울, 테마 산책길 3",K092532134,9791161612058,14530,서울책방,서울특별시 푸른도시국 자연생태과 지음,3000,3000,0,0%,90점,20180101,939
421,여행,79만원으로 세계일주,K042532937,9791129463562,3810,로크미디어,권용인 지음,16500,14850,1650,10%,820점,20180412,541
422,여행,동유럽 컬러링 여행,K172532832,9791187993469,13650,트러스트북스,김규슬 지음,12000,10800,1200,10%,600점,20180404,391
423,여행,대한민국 베스트셀러 여행지 + 전국맛집 175,8993508453,9788993508451,14980,BR미디어,블루리본 서베이 엮음,16000,14400,1600,10%,800점,20180305,1300
424,여행,나는 계속 걷기로 했다,8958205164,9788958205166,3810,궁리,거칠부 지음,18000,16200,1800,10%,900점,20180323,336
425,여행,셰익스피어도 결코 이러지 않았다,8954438229,9788954438223,2840,자음과모음,"찰스 부코스키 지음, 황소연 옮김",15000,13500,1500,10%,750점,20180122,356
426,여행,2018 망고플레이트 서울맛집 200,K952532183,9791187694076,13980,미니멈,망고플레이트 지음,15000,13500,1500,10%,750점,20180101,77
427,여행,이야기를 걷다,8965454638,9788965454632,3810,산지니,조갑상 지음,16000,14400,1600,10%,800점,20171229,127
428,여행,도쿄의 밤은 빨리 찾아온다,K132532876,9791196152468,3810,난다,고운기 지음,14800,13320,1480,10%,740점,20171130,158
429,여행,소년여행자,K332532660,9791185811390,3810,천년의상상,임하영 지음,14800,13320,1480,10%,740점,20171218,168
430,여행,"작은 여행, 다녀오겠습니다",K132532169,9791160800982,13980,휴머니스트,"최재원 지음, 드로잉메리 그림",12000,10800,1200,10%,600점,20171205,1202
431,여행,동유럽 셀프 트래블,K162532061,9791187795483,14980,상상출판,박정은.장은주 지음,18800,16920,1880,10%,940점,20171211,771
432,여행,일본 소도시 여행,K802532960,9791161651897,13980,플래닝북스,박탄호 지음,16000,14400,1600,10%,800점,20171205,2005
433,여행,싱글룸,K852531654,9791186854105,,쾅(quang),안유진 지음,16000,14400,1600,10%,800점,20170901,314
434,여행,어떤 이름에게,8970599304,9788970599304,3810,안그라픽스,박선아 지음,13800,12420,1380,10%,690점,20171116,1199
435,여행,트립도기 Trip Doggy,8950972476,9788950972479,13980,21세기북스,권인영 지음,16000,14400,1600,10%,800점,20171031,585
436,여행,지상의 마지막 오랑캐,8954648339,9788954648332,3810,문학동네,이영산 지음,18000,16200,1800,10%,900점,20171031,1058
437,여행,몽생미셸,8994939660,9788994939667,13980,TERRA(테라출판사),한주영 지음,13500,12150,1350,10%,670점,20171025,224
438,여행,세계 예술마을로 떠나다,K732531637,9791185823201,3810,남해의봄날,천우연 지음,16000,14400,1600,10%,800점,20171020,337
439,여행,"제주, 오름, 기행",8956058261,9788956058269,3980,북하우스,손민호 지음,17000,15300,1700,10%,850점,20171002,659
440,여행,해안 자동차여행 코스북,K752531831,9791160502893,13980,길벗,김재희 외 지음,17800,16020,1780,10%,890점,20170927,214
441,여행,나의 제주올레,8956058164,9788956058160,3810,북하우스,제주올레 엮음,12000,11400,600,5%,360점,20170908,79
442,여행,일본 자전거 여행 바이블,K982531829,9791195838882,3980,디스커버리미디어,이준휘 지음,16000,14400,1600,10%,800점,20170910,195
443,여행,현오와 걷는 백두대간,8991435831,9788991435834,3980,리더북스,권태화 지음,25000,22500,2500,10%,"1,250점",20170821,192
444,여행,"오토바이로, 일본 책방",K942531208,9791185152677,3810,유유,조경국 지음,16000,14400,1600,10%,800점,20170804,305
445,여행,지리쌤과 함께하는 80일간의 세계 여행 : 아시아.유럽 편,K992531809,9791187514114,3980,폭스코너,전국지리교사모임 지음,17000,15300,1700,10%,850점,20170727,1091
446,여행,페소아의 리스본,897059907X,9788970599076,13980,안그라픽스,"페르난두 페소아 지음, 박소현 옮김, 최경화 감수",15000,13500,1500,10%,750점,20170721,1158
447,여행,프랑스를 걷다,8931021216,9788931021219,3800,문예출판사,이재형 지음,16000,14400,1600,10%,800점,20200707,670
448,여행,걸어서 세계 속으로 나홀로 유럽여행 : 서유럽 북유럽 편,K852531990,9791195842049,3980,봄빛서원,KBS 걸어서 세계속으로 제작팀 지음,17800,16020,1780,10%,890점,20170707,556
449,여행,"일상이 축제고, 축제가 일상인 진짜 네덜란드 이야기",K702531998,9791186972229,3920,J&jj(디지털북스),송창현 지음,16000,14400,1600,10%,800점,20170710,231
450,여행,"기대할게, 파리",K802531791,9791195445646,13920,심포지아,"캣 세토 지음, 김난령 옮김",14000,12600,1400,10%,700점,20170626,95
451,여행,이탈리아의 사생활,K592531884,9791195976041,3920,틈새책방,알베르토 몬디.이윤주 지음,16000,14400,1600,10%,800점,20170626,1223
452,여행,그때 그곳에서,8960903191,9788960903197,3840,마음산책,"제임스 설터 지음, 이용재 옮김",13000,11700,1300,10%,650점,20170615,833
453,여행,하루 도쿄 산책,K112531378,9791196102609,13910,삶은책,윤선.최문아 지음,13000,11700,1300,10%,650점,20170530,241
454,여행,여행과 독서,8984458708,9788984458703,3820,시그마북스,"잔홍즈 지음, 오하나 옮김",16000,14400,1600,10%,800점,20170512,321
455,여행,산티아고 순례길 가이드북,K542530556,9791195562916,,핏북,김남철.김태훈.박건우 지음,15000,13500,1500,10%,750점,20170407,435
456,여행,60대에 홀로 떠난 미국 횡단 자전거여행,8962463105,9788962463101,3980,시타델퍼블리싱(CITADEL PUBLISHING),민병옥 지음,16000,14400,1600,10%,800점,20170501,160
457,여행,일본 게스트하우스 100,K332530241,9791155360583,13980,즐거운상상,"마에다 유카리 지음, 김수정 옮김",14000,12600,1400,10%,700점,20170410,226
458,여행,헤밍웨이를 따라 파리를 걷다,K692530133,9791186921388,3920,이숲,김윤주 지음,13800,12420,1380,10%,690점,20170319,205
459,여행,오직 땅고만을 추었다,K712530037,9791196003036,3810,난다,오디세우스 다다 지음,14800,13320,1480,10%,740점,20170315,161
460,여행,엄마의 골목,K952536190,9791196003043,3810,난다,김탁환 지음,13000,11700,1300,10%,650점,20170303,686
461,여행,서울이 품은 우리 역사,8993467315,9788993467314,3910,상상박물관,문동석 지음,25000,22500,2500,10%,"1,250점",20170302,284
462,여행,"서울, 테마 산책길 2",K672536787,9791156218821,9,서울책방,서울특별시 엮음,3000,3000,0,0%,90점,20161231,972
463,여행,어쩌다 스페인 어느새 포르투갈,8970673229,9788970673226,13920,성안북스,김미림 지음,15800,14220,1580,10%,790점,20170210,332
464,여행,받아쓰기,K222536471,9791196003005,3810,난다,"김유진 지음, 김란 그림",13000,11700,1300,10%,650점,20170125,182
465,여행,"52주 여행, 우리가 몰랐던 강원도 220",K142536378,9791186925157,13980,책밥,김지영 지음,17000,15300,1700,10%,850점,20170131,693
466,여행,나와의 연락,K632536878,9791186561379,3810,북노마드,유지혜 지음,15000,13500,1500,10%,750점,20170120,871
467,여행,이란 여행,K732536663,9791159614316,3910,지식과감성#,유진주 지음,15000,13500,1500,10%,750점,20170110,156
468,여행,식당 골라주는 남자,895277759X,9788952777591,13980,지식너머,노중훈 지음,15000,13500,1500,10%,750점,20161225,704
469,여행,흔들림 없이 두려움 없이,8950966484,9788950966485,3810,arte(아르테),백성호 글.사진,18000,16200,1800,10%,900점,20161130,428
470,여행,통영 예술지도,K562535851,9791185823126,13980,남해의봄날,"통영길문화연대 구술, 남해의봄날 엮음",6000,5400,600,10%,300점,20161212,510
471,여행,통영을 만나는 가장 멋진 방법 : 예술 기행,K392535751,9791185823119,3910,남해의봄날,"통영길문화연대 구술, 남해의봄날 엮음",15000,13500,1500,10%,750점,20161212,454
472,여행,"살아보고 싶다면, 포틀랜드",8997066307,9788997066308,13980,모요사,이영래 지음,16500,14850,1650,10%,820점,20161128,2479
473,여행,"파리지앵, 당신에게 반했어요!",K542535841,9791185860251,3810,이야기나무,"이승예 지음, 황채영 사진",17000,15300,1700,10%,850점,20161111,171
474,여행,일본 워킹홀리데이 난 해봤어,K432535538,9791159824715,3910,좋은땅,곽만수 지음,15000,13500,1500,10%,750점,20161031,480
475,여행,"서울, 테마 산책길 1",K532535132,9791156216377,9,서울책방,서울특별시 엮음,2000,2000,0,0%,60점,20160601,1020
476,여행,유럽의 시간을 걷다,K162535736,9791195677146,3600,웨일북,최경철 지음,22000,19800,2200,10%,"1,100점",20161021,2092
477,여행,여행이 아니면 알 수 없는 것들,K492535735,9791160400144,3810,씨네21북스,손미나 지음,15000,13500,1500,10%,750점,20161020,974
478,여행,국내여행 버킷리스트 101,K262535326,9791157529445,13980,넥서스BOOKS,최미선.신석교 지음,22000,19800,2200,10%,"1,100점",20161020,2158
479,여행,"별난 여자, 코이카를 만나다",8989538777,9788989538776,3810,시나리오친구들,최순옥 지음,13000,13000,0,0%,650점,20160831,139
480,여행,항구 마을 식당,8925560062,9788925560069,3830,알에이치코리아(RHK),"오쿠다 히데오 지음, 권영주 옮김",13000,11700,1300,10%,650점,20160927,549
481,여행,중앙아시아 인문학 기행,8967353839,9788967353834,3900,글항아리,연호탁 지음,32000,28800,3200,10%,320점,20160926,294
482,여행,파리의 공원들,K952535318,9791187511021,93530,한숲,계기석 지음,19800,17820,1980,10%,990점,20160926,163
483,여행,오늘은 이 바람만 느껴줘,K532535917,9791186517925,13980,상상출판,청춘유리 지음,13800,12420,1380,10%,690점,20160922,1724
484,여행,여행영어 미리훈련,8960496030,9788960496033,14740,사람in,박광희 지음,14000,12600,1400,10%,700점,20160908,872
485,여행,"스물셋, 죽기로 결심하다",8925559722,9788925559728,3810,알에이치코리아(RHK),조은수 지음,14500,13050,1450,10%,720점,20160725,1385
486,여행,사표 쓰고 지구 한 바퀴,K672535895,9791186518069,3980,갈라북스,김문관 지음,15000,13500,1500,10%,750점,20160815,156
487,여행,낮의 목욕탕과 술,8961094874,9788961094870,3830,지식여행,"구스미 마사유키 지음, 양억관 옮김",13000,11700,1300,10%,650점,20160725,1558
488,여행,여행의 이유,K262535476,9791185446325,13980,티핑포인트,HK여행작가아카데미 지음,15000,13500,1500,10%,750점,20160622,112
489,여행,누구나 꿈꾸는 유럽 여행지 100,K292535470,9791157528707,13980,넥서스BOOKS,백상현 지음,22000,19800,2200,10%,"1,100점",20160625,93
490,여행,나는 혼자 스페인을 걷고 싶다,K602535372,9791130608587,3830,오브제(다산북스),"오노 미유키 지음, 이혜령 옮김",14000,12600,1400,10%,700점,20160620,285
491,여행,허영만 이토록 맛있는 일본이라면,8994909915,9788994909912,3810,가디언,허영만.이호준 지음,15000,13500,1500,10%,750점,20160530,1215
492,여행,죽기 전에 꼭 가봐야 할 국내여행 1001,8960533874,9788960533875,14980,마로니에북스,최정규.박성원.정민용.박정현 지음,43000,38700,4300,10%,"2,150점",20160510,1106
493,여행,파리의 열두 풍경,K232434752,9791186293553,3920,책과함께,조홍식 지음,16800,15120,1680,10%,840점,20160419,262
494,여행,"엄마, 내친김에 남미까지!",K152434546,9791187292067,4810,북로그컴퍼니,태원준 지음,15000,13500,1500,10%,750점,20160428,1506
495,여행,4300km,8967820402,9788967820404,3940,푸른향기,양희종 지음,16500,14850,1650,10%,820점,20160406,448
496,여행,한반도 60섬,8989917468,9788989917465,13990,깊은솔,신명호 지음,13800,12420,1380,10%,690점,20160315,115
497,여행,믿음의 땅 순례의 길,8953125138,9788953125131,3230,두란노,유성종.이소윤 지음,20000,18000,2000,10%,"1,000점",20160224,161
498,여행,여행자의 인문학,K752434116,9791130607160,3810,다산초당(다산북스),"문갑식 지음, 이서현 사진",16000,14400,1600,10%,800점,20160125,1093
499,여행,"라프카디오 헌, 19세기 일본 속으로 들어가다 (반양장)",8946042958,9788946042957,3910,한울(한울아카데미),"라프카디오 헌 지음, 노재명 옮김",19000,18050,950,5%,190점,20100427,77
500,여행,"유럽 여행, 알고 떠나자",8965822076,9788965822073,13980,리베르,박찬영 지음,19800,17820,1980,10%,990점,20151223,344
501,여행,우피치 미술관에서 꼭 봐야 할 그림 100,8958629754,9788958629757,4600,휴머니스트,김영숙 지음,15000,13500,1500,10%,750점,20151221,720
502,여행,더불어숲,8971996943,9788971996942,3810,돌베개,신영복 글.그림,16000,14400,1600,10%,800점,20151207,4131
503,여행,유럽을 그리다,K502434999,9791186581360,13980,꿈의지도,배종훈 지음,15000,13500,1500,10%,750점,20151225,319
504,여행,암자로 가는 길 3,8970639535,9788970639536,4810,열림원,"정찬주 지음, 백종하 사진",15000,13500,1500,10%,750점,20151116,340
505,여행,"하는 일이 술술, 대한민국 풍수여행 30",8998965089,9788998965082,13980,더시드컴퍼니,최승호 지음,15000,13500,1500,10%,750점,20151102,313
506,여행,여행자의 책,896260552X,9788962605525,3840,책읽는수요일,"폴 서루 지음, 이용현 옮김",15000,13500,1500,10%,750점,20151019,1645
507,여행,고독한 미식가 맛집 순례 가이드,K352433049,9791185967707,3980,이숲,"구스미 마사유키 지음, 박정임 옮김",10000,9000,1000,10%,500점,20150815,465
508,여행,너 없이 걸었다,8954635458,9788954635455,3810,난다,허수경 지음,13800,12420,1380,10%,690점,20150815,2422
509,여행,숲으로 간 미술관,8961962531,9788961962537,3600,아트북스,이은화 지음,19000,18050,950,5%,570점,20151218,233
510,여행,"잠시멈춤, 세계여행",8964562186,9788964562185,3980,중앙M&B,"오빛나 지음, 배용연 사진",19800,17820,1980,10%,990점,20150720,1089
511,여행,비 내리는 그리스에서 불볕천지 터키까지,8970129324,9788970129327,3830,문학사상사,"무라카미 하루키 지음, 임홍빈 옮김, 마쓰무라 에이조 사진",14000,12600,1400,10%,700점,20150710,771
512,여행,동유럽 문화도시 기행,8950960524,9788950960520,13810,21세기북스,정태남 지음,17000,15300,1700,10%,850점,20150623,1299
513,여행,베를린 Berlin,8970416676,9788970416670,14980,디자인하우스,"빅셔너리 지음, 윤애리 옮김",13000,11700,1300,10%,650점,20150707,266
514,여행,우리는 시간이 아주 많아서,8927806433,9788927806431,13980,중앙books(중앙북스),"정다운 글, 박두산 사진",15000,13500,1500,10%,750점,20150506,377
515,여행,332일 자전거여행,8994981322,9788994981321,13980,생각을담는집,김미영 지음,15000,13500,1500,10%,750점,20150430,147
516,여행,서울특별시전도 코팅 (후면 - 입체형 수도권도로지도 코팅),8987163865,9788987163864,13980,영진문화사,영진문화사 편집부 엮음,12000,10800,1200,10%,600점,20140827,286
517,여행,불멸의 산책,8994015809,9788994015804,3860,뮤진트리,"장 크리스토프 뤼팽 지음, 신성림 옮김",14000,12600,1400,10%,700점,20150610,841
518,여행,나는 여행기를 이렇게 쓴다,8970129189,9788970129181,3830,문학사상사,"무라카미 하루키 지음, 김진욱 옮김",13000,11700,1300,10%,650점,20150420,1259
519,여행,파리 로망스,8961962361,9788961962360,3810,앨리스,이동섭 글.사진,13800,12420,1380,10%,690점,20150420,686
520,여행,시간을 멈추는 드로잉,8994217649,9788994217642,13980,재승출판,리모 글.그림,16000,14400,1600,10%,800점,20150330,797
521,여행,프랑스 문화예술 기행,8998534517,9788998534516,,소리내,조화림 지음,16000,16000,0,0%,800점,20150306,101
522,여행,예술이 되는 순간,897041634X,9788970416342,3600,디자인하우스,"필립 드 몬테벨로.마틴 게이퍼드 지음, 주은정 옮김",25000,22500,2500,10%,"1,250점",20150214,367
523,여행,"토토, 오늘도 고마워",8962171015,9788962171013,3810,미래를소유한사람들(MSD미디어),김은숙 글.그림,12900,11610,1290,10%,640점,20141223,59
524,여행,프라도 미술관에서 꼭 봐야 할 그림 100,8958627417,9788958627418,4600,휴머니스트,김영숙 지음,15000,13500,1500,10%,750점,20141208,749
525,여행,흔들리며 걷는 길,899776098X,9788997760985,3230,포이에마,김기석 지음,13800,12420,1380,10%,690점,20141201,861
526,여행,맛집천국 후쿠오카.큐슈,1185711368,9791185711362,13590,동아일보사,"이시이 마키 지음, 박은희 옮김, 야마다 요코 해설",10000,9000,1000,10%,500점,20141106,386
527,여행,맛집천국 오사카,118571135X,9791185711355,13590,동아일보사,"가타노 토모코 지음, 박은희 옮김, 소츠카 마사아키 해설",10000,9000,1000,10%,500점,20141106,373
528,여행,불타는 두 바퀴로 화끈하게 유럽 돌기,1185482563,9791185482569,3810,청어,신동훈 지음,13000,11700,1300,10%,650점,20141030,87
529,여행,축구는 사람을 공부하게 만든다,8994194584,9788994194585,13980,브레인스토어,류청 지음,13800,12420,1380,10%,690점,20141017,246
530,여행,"인도, 신이 인간이 되어 사는 세상",8984945153,9788984945159,3980,혜안,임용한 외 지음,13000,12350,650,5%,650점,20141010,111
531,여행,"세상의 끝, 남미 파타고니아",8987785254,9788987785257,3950,에이디미디어,김석원.이상은.이지원 지음,16000,14400,1600,10%,800점,20141001,339
532,여행,나 홀로 축구 여행,8962606194,9788962606195,13980,스타일북스,정유라 지음,13000,11700,1300,10%,650점,20140923,187
533,여행,두근두근 인천산책,8925553597,9788925553597,14980,알에이치코리아(RHK),"이하람 지음, 이강신 사진",14000,12600,1400,10%,700점,20140917,170
534,여행,"쉼표, 인천",1185502092,9791185502090,13980,클,이환길 지음,14000,12600,1400,10%,700점,20140920,92
535,여행,아름다움에 병든 자,8960902012,9788960902015,3810,마음산책,김태형 지음,13000,11700,1300,10%,650점,20140830,140
536,여행,꿈꾸는 하와이,8937489449,9788937489440,3830,민음사,"요시모토 바나나 지음, 김난주 옮김",13000,11700,1300,10%,650점,20140818,793
537,여행,게스트하우스 서울,1155360168,9791155360163,13980,즐거운상상,권혜진 지음,13500,12150,1350,10%,670점,20140901,203
538,여행,아프리카 더 컬러풀,1195313306,9791195313303,3660,각광,케이채 지음,33000,29700,3300,10%,"1,650점",20140820,144
539,여행,산복도로 모놀로그 Sanbok-doro Monologue (영문판),1195058942,9791195058945,,순간과영원,은래 지음,15000,13500,1500,10%,750점,20140625,62
540,여행,내 인생에 잊지 못할 대한민국 감성여행지,8960603457,9788960603455,13980,원앤원스타일,남민 지음,18000,16200,1800,10%,900점,20140716,206
541,여행,제주 여행 코스 101,8970597468,9788970597461,13980,컬처그라퍼,권다현 글.사진,16800,15120,1680,10%,840점,20140715,372
542,여행,"당신에게, 몽골",8997089382,9788997089383,13980,꿈의지도,"이시백 지음, 이한구 사진",14000,12600,1400,10%,700점,20140704,632
543,여행,마음이 풀리는 작은 여행,8996466972,9788996466970,13910,걷다,"마스다 미리 지음, 권남희 옮김",12000,10800,1200,10%,600점,20140630,972
544,여행,제주 토박이의 섬.바람.오름이야기,1185609431,9791185609430,3910,책과나무,강용희 지음,15000,13500,1500,10%,750점,20140610,93
545,여행,지나치게 산문적인 거리,8954624928,9788954624923,3810,난다,이광호 지음,12000,10800,1200,10%,600점,20140610,592
546,여행,유럽로드,8996904228,9788996904229,3920,들메나무,차백성 글.사진,18900,17010,1890,10%,940점,20140616,185
547,여행,글로벌 거지 부부,8973817442,9788973817443,3810,(주)태일소담출판사,박건우 지음,13800,12420,1380,10%,690점,20140326,911
548,여행,한국 1000산,8989917425,9788989917427,13990,깊은솔,신명호 지음,49800,44820,4980,10%,"2,490점",20140325,144
549,여행,박환 교수와 함께 걷다 : 블라디보스토크,8998502488,9788998502485,3980,아라(도서출판),박환 지음,13000,11700,1300,10%,650점,20140301,434
550,여행,대한민국 명사들의 맛집 101,894752946X,9788947529464,13590,한경비피,한국경제신문 편집국 엮음,10000,9000,1000,10%,500점,20140106,95
551,여행,북경예술견문록,8994981284,9788994981284,3600,생각을담는집,김도연 지음,20000,18000,2000,10%,"1,000점",20140103,195
552,여행,하얗게 웃어줘 라오스,8925551837,9788925551838,13810,알에이치코리아(RHK),오동준 글.사진,13000,11700,1300,10%,650점,20131217,256
553,여행,"새, 풍경이 되다",8997429345,9788997429349,93490,자연과생태,김성현.김진한.최순규 지음,33000,29700,3300,10%,"1,650점",20131230,434
554,여행,루브르 박물관에서 꼭 봐야 할 그림 100,8958626615,9788958626619,4600,휴먼아트,김영숙 지음,14000,12600,1400,10%,700점,20131111,590
555,여행,주말이 기다려지는 행복한 걷기여행 : 서울.수도권 (2013년 전면 개정판),899291458X,9788992914581,13980,터치아트,박미경.김영록 지음,13000,11700,1300,10%,650점,20130920,866
556,여행,나의 핀란드 여행,8956607044,9788956607047,3830,은행나무,"가타기리 하이리 지음, 권남희 옮김",12500,11250,1250,10%,620점,20130725,681
557,여행,"내가 나를 사랑하는 일, 당신이 당신을 사랑하는 일",8959137332,9788959137336,3810,예담,최갑수 지음,13800,12420,1380,10%,690점,20130607,422
558,여행,길에게 길을 묻다,8997162403,9788997162406,3810,청어람미디어,"김태준 외 지음, (사)한국분권아카데미 엮음",16000,14400,1600,10%,800점,20130525,115
559,여행,그림 여행을 권함,8937487365,9788937487361,13980,민음사,김한민 지음,18000,16200,1800,10%,900점,20130520,1475
560,여행,서울특별시전도 후면 수도권 입체형 도로지도,8987163881,9788987163888,13980,영진문화사,영진문화사 편집부 엮음,7000,6300,700,10%,350점,20180101,1106
561,여행,제주도에서 아이들과 한 달 살기,8956056390,9788956056395,13980,북하우스,전은주(꽃님에미) 지음,15000,13500,1500,10%,750점,20130315,1107
562,여행,배빵빵 일본식탐여행,8959195219,9788959195213,17980,애니북스,"다카기 나오코 지음, 채다인 옮김",11000,9900,1100,10%,550점,20130308,1124
563,여행,신경림의 시인을 찾아서,8980409486,9788980409488,3810,우리교육,신경림 지음,23000,20700,2300,10%,"1,150점",20130215,381
564,여행,희망을 걷다,8996957402,9788996957409,3810,하루헌,박원순 지음,15000,13500,1500,10%,750점,20130121,1016
565,여행,길 위에 내 집 게스트하우스 123,899708917X,9788997089178,13980,꿈의지도,이동미 외 지음,16000,14400,1600,10%,800점,20121206,337
566,여행,길 끝에서 만난 이야기,8932915776,9788932915777,3870,열린책들,"루이스 세풀베다 지음, 엄지영 옮김",10800,9720,1080,10%,540점,20121110,507
567,여행,안녕 다정한 사람,8993928525,9788993928525,3810,달,은희경 외 지음,15000,13500,1500,10%,750점,20121109,2360
568,여행,침묵으로의 여행,8927803817,9788927803812,3810,문예중앙,진동선 지음,16000,14400,1600,10%,800점,20121026,150
569,여행,특산물 기행,8997429108,9788997429103,3520,자연과생태,채희숙 지음,22000,19800,2200,10%,"1,100점",20121030,152
570,여행,내 마음 속 시크릿 여행,8925547058,9788925547053,13980,알에이치코리아(RHK),이은영.김태수 지음,12000,10800,1200,10%,600점,20120720,214
571,여행,바레스의 스파르타,897682153X,9788976821539,4800,그린비,"모리스 바레스 지음, 정광흠 옮김",3300,2970,330,10%,160점,20120720,102
572,여행,고티에의 상트페테르부르크,8976821521,9788976821522,4800,그린비,"테오필 고티에 지음, 심재중 옮김",3300,2970,330,10%,160점,20120720,238
573,여행,여자를 위한 친절한 등산책,8952766024,9788952766021,13980,시공사,구지선 지음,15000,13500,1500,10%,750점,20120627,414
574,여행,뉴욕이 사랑한 천재들,8990989507,9788990989505,3900,열대림,조성관 지음,18000,16200,1800,10%,900점,20120620,212
575,여행,박용민의 지중해 오디세이,8993404100,9788993404104,3900,바람구두,박용민 지음,13800,12420,1380,10%,690점,20120430,77
576,여행,터키는 맛있다,8952764668,9788952764669,14980,시공사,"안셀 멀린스.이갈 슐라이퍼 지음, 나은희 옮김",11000,9900,1100,10%,550점,20120329,328
577,여행,아이처럼 행복하라,8996723649,9788996723646,3810,공감의기쁨,알렉스 김 지음,13800,12420,1380,10%,690점,20120327,1385
578,여행,나는 알래스카에서 죽었다,8996610941,9788996610946,3830,다반,"호시노 미치오 글.사진, 임정은 옮김",14000,12600,1400,10%,700점,20120220,855
579,여행,"대한민국 전도 - 행정 (1:1,050,000) (케이스 접지-휴대용)",8939000714,9788939000711,,성지문화사,성지문화사 편집부 지음,6000,5400,600,10%,300점,20210201,739
580,여행,도시의 역사,8962911825,9788962911824,93830,푸른길,남영우 지음,25000,22500,2500,10%,"1,250점",20111214,108
581,여행,라스베이거스에 반하다,8983797029,9788983797025,14980,혜지원,유강호 지음,13800,12420,1380,10%,690점,20111111,198
582,여행,글로벌 감각을 익히는 세계지도,8925543923,9788925543925,13980,랜덤하우스코리아,동아지도 지음,16000,14400,1600,10%,800점,20110803,1099
583,여행,한반도 자연사 기행,8984314757,9788984314757,3400,한겨레출판,조홍섭 지음,15000,13500,1500,10%,750점,20110622,981
584,여행,그 남자 그 여자의 파리,8992037775,9788992037778,13980,에디터,이화열 지음,15000,13500,1500,10%,750점,20110615,105
585,여행,초보자를 위한 친환경 가구 만들기,8956055157,9788956055152,13630,북하우스엔,우상연 지음,20000,18000,2000,10%,"1,000점",20110319,637
586,여행,여행의 이유,8994126058,9788994126050,13980,에코포인트,조은희 지음,13000,11700,1300,10%,650점,20101220,258
587,여행,재팬 로드,8996161888,9788996161882,13910,엘빅미디어,차백성 지음,15000,13500,1500,10%,750점,20101120,171
588,여행,암자로 가는 길 2,8970636706,9788970636702,3810,열림원,"정찬주 글, 유동영 사진",17000,15300,1700,10%,850점,20101018,370
589,여행,나만 위로할 것,899392824X,9788993928242,3920,달,김동영 지음,14800,13320,1480,10%,740점,20101008,2654
590,여행,역사와 이야기가 있는 답사기행 : 경상우도편,8974112884,9788974112882,3910,새문사,건국대 사학과 엮음,19000,19000,0,0%,950점,20100903,102
591,여행,스페인 디자인 여행,8970594566,9788970594569,3600,안그라픽스,유혜영 지음,20000,18000,2000,10%,"1,000점",20100817,372
592,여행,뒤마의 볼가 강,8976821114,9788976821119,4900,그린비,"알렉상드르 뒤마 지음, 김경란 옮김",3300,2970,330,10%,160점,20100710,155
593,여행,Go To 중동,899644670X,9788996446705,4980,예인에듀투어,김성호 지음,24000,21600,2400,10%,"1,200점",20100602,141
594,여행,산사의 주련 2,8958611073,9788958611073,3810,청년정신,"한민 글 사진, 양희우 사진",17000,15300,1700,10%,850점,20100517,152
595,여행,낢부럽지 않은 네팔여행기,8927800184,9788927800187,3910,중앙books(중앙북스),서나래 지음,12000,10800,1200,10%,600점,20100428,881
596,여행,여행의 숲을 여행하다,899109435X,9788991094352,3980,향연,김재기 지음,17500,15750,1750,10%,870점,20100414,719
597,여행,"The World (세계지도) 영문지세 (케이스접지/휴대용) : 단면(축척 1:39,000,000)",8939002997,9788939002999,,성지문화사,성지문화사 편집부 지음,7000,6300,700,10%,350점,20200101,56
598,여행,enjoy cafe! 카페 서울,K562532451,9788995777695,13590,북웨이,이현주 지음,7000,6300,700,10%,350점,20090820,745
599,여행,오토캠핑 바이블,8925533294,9788925533292,13980,랜덤하우스코리아,김산환.최갑수 지음,22000,19800,2200,10%,"1,100점",20090710,1585
600,여행,인도방랑,8972883506,9788972883500,3830,작가정신,"후지와라 신야 지음, 이윤정 옮김",16000,14400,1600,10%,800점,20090715,1325
601,여행,신의 고향 하와이,8962911124,9788962911121,3980,푸른길,박선엽 지음,16000,14400,1600,10%,800점,20090625,108
602,여행,유럽 도서관에서 길을 묻다,8980406525,9788980406524,3370,우리교육,전국학교도서관담당교사 서울모임 지음,13000,11700,1300,10%,650점,20090325,543
603,여행,"중국, 대륙의 숨은 풍경을 찾다",8952754298,9788952754295,14980,지식채널,EBS 제작팀 엮음,11000,9900,1100,10%,550점,20081229,161
604,여행,제주 올레 여행,8956052921,9788956052922,3810,북하우스,서명숙 지음,15000,13500,1500,10%,750점,20080901,5418
605,여행,박종호의 황홀한 여행,8901083752,9788901083759,3810,웅진지식하우스,박종호 지음,14000,12600,1400,10%,700점,20080630,850
606,여행,세상에서 가장 큰 중국책,8970419578,9788970419572,3380,디자인하우스,"로널드 냅 외 지음, 최경화 옮김",38000,34200,3800,10%,"1,900점",20080515,161
607,여행,삶은... 여행,8954605397,9788954605397,3980,북노마드,이상은 지음,13000,11700,1300,10%,650점,20080327,936
608,여행,재미있는 우리 문화유적 답사기 1,8970282629,9788970282626,74910,글사랑,김재덕 지음,9000,8100,900,10%,450점,20071120,340
609,여행,"내가 사랑한 뉴욕, 나를 사랑한 뉴욕",8959132616,9788959132614,3810,예담,김정은 지음,11000,9900,1100,10%,550점,20071015,261
610,여행,바람의 딸 걸어서 지구 세 바퀴 반 1,8971847476,9788971847473,4810,푸른숲,한비야 지음,12000,10800,1200,10%,600점,20071018,2649
611,여행,송동훈의 그랜드투어 : 서유럽 편,8934926694,9788934926696,3810,김영사,송동훈 지음,13000,11700,1300,10%,650점,20070911,1114
612,여행,19홀 맛집 기행,8974254913,9788974254919,3690,국일미디어(국일출판사),조영훈 글 사진,11000,9900,1100,10%,550점,20070502,99
613,여행,중국문화 답사기 3,8959956031,9788959956036,4910,다락원,권석환 외 지음,8000,7200,800,10%,400점,20070205,131
614,여행,눈과 피의 나라 러시아 미술,8956250561,9788956250564,3600,학고재,이주헌 지음,15000,13500,1500,10%,750점,20061218,1329
615,여행,"러시아, 상상할 수 없었던 아름다움과 예술의 나라",8990449324,9788990449320,4810,리수,이길주·한종만·한남수 지음,14500,13050,1450,10%,720점,20060901,193
616,여행,"스페인, 너는 자유다",8901059363,9788901059365,3810,웅진지식하우스,손미나 글.사진,13000,11700,1300,10%,650점,20060728,9353
617,여행,한국도로관광지도,898716361X,9788987163611,13980,영진문화사,영진문화사 편집부 엮음,4000,3600,400,10%,200점,20110101,932
618,여행,"제주도전도 (케이스 접지/휴대용) : 양면(축척 1:75,000, 1:7,500)",8939001559,9788939001558,3320,성지문화사,성지문화사 편집부 엮음,10000,9000,1000,10%,500점,20200701,188
619,여행,"경기도 전도 (케이스 접지/휴대용) : 단면 (축척 1:200,000)",8939000722,9788939000728,,성지문화사,성지문화사 편집부 지음,7000,6300,700,10%,350점,20200101,408
620,여행,세계의 축제와 공연문화,8977942918,9788977942912,93810,대구대학교출판부,박진태 외 지음,10000,10000,0,0%,300점,20040910,76
621,여행,"부산광역시전도 (케이스 접지/휴대용) : 양면 (축척 1:50,000)",8939001176,9788939001176,13980,성지문화사,성지문화사 편집부 엮음,8000,7200,800,10%,400점,20190901,443
622,여행,"행정교통도 (케이스 접지/휴대용) : 양면(축척 1:500,000)",8939000633,9788939000636,,성지문화사,성지문화사 편집부 엮음,7000,6300,700,10%,350점,20210201,90
623,여행,"1:100,000 도로지도 지도대사전",8939001028,9788939001022,13982,성지문화사,성지문화사 편집부 편저,35000,31500,3500,10%,"1,750점",20190701,3493
624,여행,"포르투갈, 브라질의 역사문화기행",8983121025,9788983121028,,부산외국어대학교출판부,김용재 외 지음,17000,17000,0,0%,850점,20000910,153
625,여행,창덕궁,8930108342,9788930108348,,열화당,열화당 편집부 지음,6000,5700,300,5%,180점,19910101,52
626,여행,전통사찰총서 9,8986879697,9788986879698,4220,사찰문화연구원,사찰문화연구원 엮음,15000,13500,1500,10%,750점,19971210,134
627,여행,세계관광,8977392101,9788977392106,93980,백산출판사,안종수,15000,15000,0,0%,750점,19990125,72
,,,,,,,,,,,,,,
,,,,,,,,,,,,,,
,,좋은 책을 고르는 방법, 알라딘!! www.aladin.co.kr,,,,,,,,,,,
